Year,Afghanistan,Albania,Algeria,American Samoa,Andorra,Angola,Anguilla,Antigua and Barbuda,Argentina,Armenia,Aruba,Australia,Austria,Azerbaijan,Bahamas,Bahrain,Bangladesh,Barbados,Belarus,Belgium,Belize,Benin,Bermuda,Bhutan,Bolivia,Bosnia and Herzegovina,Botswana,Brazil,British Virgin Islands,Brunei,Bulgaria,Burkina Faso,Burundi,Cambodia,Cameroon,Canada,Cape Verde,Cayman Islands,Central African Rep.,Chad,Channel Islands,Chile,China,Christmas Island,Cocos Island,Colombia,Comoros,"Congo, Dem. Rep.","Congo, Rep.",Cook Islands,Costa Rica,Cote d'Ivoire,Croatia,Cuba,Cyprus,Czech Rep.,Czechoslovakia,Denmark,Djibouti,Dominica,Dominican Rep.,East Germany,Ecuador,Egypt,El Salvador,Equatorial Guinea,Eritrea,Eritrea and Ethiopia,Estonia,Ethiopia,Faeroe Islands,Falkland Islands (Malvinas),Fiji,Finland,France,French Guiana,French Polynesia,Gabon,Gambia,Georgia,Germany,Ghana,Gibraltar,Greece,Greenland,Grenada,Guadeloupe,Guam,Guatemala,Guernsey,Guinea,Guinea-Bissau,Guyana,Haiti,Holy See,Honduras,"Hong Kong, China",Hungary,Iceland,India,Indonesia,Iran,Iraq,Ireland,Isle of Man,Israel,Italy,Jamaica,Japan,Jersey,Jordan,Kazakhstan,Kenya,Kiribati,"Korea, Dem. Rep.","Korea, Rep.","Korea, United",Kosovo,Kuwait,Kyrgyzstan,Laos,Latvia,Lebanon,Lesotho,Liberia,Libya,Liechtenstein,Lithuania,Luxembourg,"Macao, China","Macedonia, FYR",Madagascar,Malawi,Malaysia,Maldives,Mali,Malta,Marshall Islands,Martinique,Mauritania,Mauritius,Mayotte,Mexico,"Micronesia, Fed. Sts.",Moldova,Monaco,Mongolia,Montenegro,Montserrat,Morocco,Mozambique,Myanmar,Namibia,Nauru,Nepal,Netherlands,Netherlands Antilles,New Caledonia,New Zealand,Nicaragua,Niger,Nigeria,Niue,Norfolk Island,Northern Mariana Islands,Norway,Oman,Pakistan,Palau,Panama,Papua New Guinea,Paraguay,Peru,Philippines,Pitcairn,Poland,Portugal,Puerto Rico,Qatar,Reunion,Romania,Russia,Rwanda,Saint Barthï¿½lemy,Saint Helena,Saint Kitts and Nevis,Saint Lucia,Saint Martin,Saint Vincent and the Grenadines,Saint-Pierre-et-Miquelon,Samoa,San Marino,Sao Tome and Principe,Saudi Arabia,Senegal,Serbia,Serbia and Montenegro,Serbia excluding Kosovo,Seychelles,Sierra Leone,Singapore,Slovak Republic,Slovenia,Solomon Islands,Somalia,South Africa,Spain,Sri Lanka,Sudan,Suriname,Svalbard,Swaziland,Sweden,Switzerland,Syria,Taiwan,Tajikistan,Tanzania,Thailand,Timor-Leste,Togo,Tokelau,Tonga,Trinidad and Tobago,Tunisia,Turkey,Turkmenistan,Turks and Caicos Islands,Tuvalu,Uganda,Ukraine,United Arab Emirates,United Kingdom,United States,Uruguay,USSR,Uzbekistan,Vanuatu,Venezuela,Vietnam,Virgin Islands (U.S.),Wallis et Futuna,West Bank and Gaza,West Germany,Western Sahara,Yemen Arab Republic (Former),Yemen Democratic (Former),"Yemen, Rep.",Yugoslavia,Zambia,Zimbabwe
1960,9829450,1623114,10909294,20000,8392,4797344,5648,54500,20616009,1868852,57203,10361273,7047437,3881546,112234,156648,54621538,232339,8167918,9118700,91863,2055083,44365,867000,3434073,3240000,496695,71694810,7383,83037,7867374,4865796,2815405,5761223,5608760,18266765,196768,7661,1467449,3042303,109891,7585349,667070000,,,15952727,182899,16610482,1002214,17883,1248022,3576077,4036145,7027210,573000,9659818,13654088,4581000,78417,60256,3231488,,4415956,26846610,2581583,243867,1614698,25783370,1210647,24168672,34700,2145,393348,4429600,45670000,32243,81100,446003,351953,4146570,72480869,6958283,24342,8327405,32498,90148,268888,66900,3975707,46926,3028117,616682,571083,3722743,906,1951640,3075300,9983512,175860,434000000,95254000,21577000,6822030,2832000,47689,2141495,50197600,1631784,94091638,62965,848515,9982014,8156827,40732,10391909,24784140,35176049,1335316,292229,2171285,2309365,2115183,1786235,858551,1054837,1337947,16426,2764864,313969,186053,1366198,5481721,3450444,8428493,92247,4504219,328517,15120,281802,1117376,663229,27579,38578505,41777,2998981,20757,954652,461487,12145,12423434,7472230,22836232,590731,4475,10034723,11486000,136282,78804,2371746,1492698,3912663,39914593,4830,,8861,3581239,599292,50386898,9482,1147610,1746986,1909538,9931000,28528939,145,29589842,9036700,2358000,45183,337500,18403414,119631633,3031804,,5316,51112,87687,,81021,4919,110043,15406,63403,4718301,3269808,7470936,7932423,6312062,41662,2396304,1646400,3994270,1557756,126363,2955803,17416653,30641187,9879178,10588993,284506,,351842,7480395,5362000,4532557,11209160,2080556,10259653,27512750,508860,1455900,1862,63718,841150,4149157,28217122,1584820,5726,5264,7261862,42644035,103048,52372000,180671000,2530969,213779936,8531032,66087,7556483,31656282,32500,7889,1113446,,22495,,,5871831,18132522,3254000,4010933
1961,10043473,1676635,11121645,19900,8959,4752489,5690,55650,20950583,1943799,57008,10598814,7086299,4033503,117565,164334,55741313,229597,8262998,9165800,94685,2101846,45148,882518,3512782,3299000,504585,73832902,7561,87067,7943118,4890688,2894153,5919487,5699165,18634977,203146,7828,1494850,3095331,110858,7773314,660330000,,,16476124,187209,16964231,1024609,18245,1296587,3700174,4055443,7134000,578700,9587250,13778892,4609817,83913,60924,3340557,,4546197,27522861,2664838,248028,1640231,26289080,1224467,24648849,35000,,407359,4461004,46189000,33206,82600,450485,362673,4211113,73123148,7153508,24474,8398050,33726,90865,275714,66400,4091112,47211,3083075,622070,584710,3800257,,2018693,3168100,10029000,178905,444000000,97085000,22214000,7026278,2818300,47243,2217050,50523200,1647918,94943293,63647,886800,10466809,8411966,41543,10651332,25613842,36265174,1348038,325342,2254930,2358813,2145744,1835620,875282,1083250,1388517,16825,2810271,316845,189831,1381753,5590111,3532056,8663401,92793,4595790,328854,15622,288810,1131821,681284,28308,39836230,43081,3068962,21348,981849,468013,12040,12736342,7627642,23228868,605831,4613,10176198,11638713,136679,81774,2432450,1540819,3992502,40879339,,,9160,3609800,613723,51718581,9740,1181175,1791048,1959034,10217500,29410457,,29978949,9031200,2402514,48712,347900,18566932,121324346,3045908,2176,5330,49048,88588,,81413,4960,113621,15553,64330,4827708,3348228,7542114,8010127,6372199,43001,2431632,1702400,4191642,1571851,129642,3016963,17869991,30903894,10151799,10882055,294466,,360775,7519998,5512000,4681153,11563348,2163433,10555397,28376096,517732,1491264,,65683,861387,4216031,29029976,1644416,5799,5327,7471533,43195765,108989,52807000,183691000,2563794,217618270,8867714,67691,7847836,32701357,34300,7990,1109603,,25223,,,5993828,18318174,3337000,4140117
1962,10267083,1728137,11000948,21000,10317,4826015,5733,56825,21283783,2006853,57681,10794968,7129864,4157301,122902,171863,56839289,228747,8365073,9218400,97594,2151895,46146,898475,3593918,3349000,512764,76039390,7753,90822,8012946,4919632,2961915,6083619,5793633,18985849,209878,8010,1523478,3150417,112092,7961258,665770000,,,17009885,191689,17486434,1047924,18526,1345187,3832408,4076557,7254373,576000,9620282,13857666,4646899,89898,61697,3453434,,4681707,28173309,2747687,249220,1666618,26811990,1238786,25145372,35500,,421869,4491443,47124000,34424,83471,455661,374020,4278649,73739117,7355248,24767,8448233,34906,91449,282625,69100,4208858,47859,3140003,627820,597896,3880130,,2090162,3305200,10063000,182053,454000000,99028000,22874000,7240260,2830000,47665,2310904,50843200,1665128,95831757,64233,933559,10945885,8678557,42369,10917494,26420307,37337801,1361255,358266,2332685,2409128,2172829,1886848,893143,1112796,1441863,17295,2850220,320750,198464,1401167,5703324,3628608,8906385,92744,4690372,329011,16142,295486,1146757,701016,29065,41121485,44427,3136438,21841,1010280,474528,11933,13056604,7788944,23634436,621392,4849,10332057,11805689,133959,84518,2488550,1590597,4076008,41871351,,,9470,3638919,628164,53100671,10005,1215725,1837378,2009813,10516500,30325264,,30329617,9019800,2448046,52968,358900,18680721,122877560,3051242,,5342,48562,89776,,81325,4997,117081,16700,65345,4943029,3430243,7616060,8090588,6434674,43881,2467895,1750200,4237384,1582962,133007,3080153,18356657,31158061,10421936,11183227,305124,,370006,7561588,5666000,4834621,11918938,2253472,10863958,29263397,526603,1528098,,67709,887498,4286552,29788695,1704534,5842,5391,7688797,43697245,115827,53292000,186538000,2598466,221227180,9209650,69333,8143375,33796140,35000,8092,1133134,,28344,,,6120081,18500274,3421000,4277736
1963,10500711,1779715,11272878,23100,11356,4919586,5776,58025,21616403,2065618,58541,11001483,7175811,4283470,128225,179108,58226108,230738,8438881,9283100,100712,2202775,47141,914885,3677637,3399000,521237,78316598,7973,94351,8078145,4952695,3008458,6253991,5892378,19342841,216919,8204,1553368,3207638,113477,8147349,682335000,,,17546017,196348,18027167,1072198,18721,1393441,3985277,4098506,7414884,582300,9666468,13948326,4683579,96376,62418,3569217,,4822279,28820665,2836090,250419,1693045,27352724,1254604,25659679,35900,,436455,4523309,47808000,35973,87046,461357,386040,4344220,74340260,7563839,25018,8479625,36233,92076,289527,72000,4329980,48575,3198659,633939,612069,3964060,,2165930,3420900,10091000,185481,464000000,101009000,23554000,7468223,2850000,48091,2406662,51198300,1697847,96811940,64902,974549,11311646,8957178,43198,11209506,27211316,38420822,1374438,394128,2412696,2460321,2199396,1940191,912006,1143525,1498607,17844,2886180,324100,206989,1422470,5821158,3726394,9148451,94527,4788073,328116,16678,301371,1162199,715140,29849,42434264,45815,3204914,22047,1031200,480046,11849,13385360,7957010,24053395,637428,4801,10500330,11965966,141865,86978,2541350,1642083,4162926,42891491,,,9791,3666540,644990,54524471,10277,1251278,1885929,2061907,10825800,31273198,,30662122,9081600,2496601,58146,371000,18813131,124276517,3129004,,5355,48505,91017,,82392,5022,120526,16945,66361,5065249,3516025,7689816,8169862,6496989,45254,2505118,1795000,4281858,1595028,136459,3145420,18856708,31429834,10686957,11492735,316001,,379526,7604328,5789000,4993120,12276610,2339558,11185238,30173764,535474,1566469,,69797,904380,4374477,30509221,1765175,5858,5454,7913960,44255938,123751,53625000,189242000,2632111,224585401,9546588,71015,8444361,34932464,39800,8195,1156474,,31853,,,6248206,18684866,3508000,4412423
1964,10744167,1832284,11612858,23200,12199,5026044,5819,58650,21949244,2134940,59091,11218304,7223801,4430183,133605,185691,59402546,233269,8501607,9367000,103902,2255760,48107,931782,3764067,3445000,529966,80666939,8183,98171,8144339,4989961,3088827,6426908,5995682,19711053,224264,8405,1584615,3271357,114942,8330423,698355000,,,18090000,201208,18432651,1097474,18904,1440184,4148402,4113553,7612275,586500,9726030,14052204,4720171,103354,63274,3687001,,4967705,29533070,2923870,251623,1718392,27910749,1272439,26192357,35400,,450647,4548544,48340000,37893,90793,467592,398783,4406832,74954262,7781813,25376,8510429,37891,92767,295823,72500,4454413,49329,3259080,610284,626389,4049805,,2246099,3504600,10124000,188847,474000000,103031000,24264000,7711071,2864000,48520,2498199,51600200,1738997,97826267,65613,1017180,11601936,9247518,43973,11527887,27984000,39511887,1386360,433233,2494509,2512401,2227495,1996143,931826,1175491,1560361,18391,2922673,327750,215496,1444676,5943744,3816197,9397464,94244,4889008,323591,17232,306529,1178277,736182,30663,43774575,47246,3271001,22255,1060600,486538,11804,13722483,8127242,24485982,653950,4914,10677158,12127120,144450,88066,2591950,1695330,4252122,43940734,,,10122,3694339,661826,55988385,10557,1287993,1936607,2115353,11143500,32254350,,30975520,9122500,2552181,63897,383700,18927081,125521510,3183993,,5368,48103,92409,,83760,5046,123874,17144,67452,5192398,3636138,7756518,8243056,6553345,46755,2543140,1841600,4326174,1606083,140000,3212842,19370514,31740862,10942373,11800659,327023,,389347,7661354,5887000,5156816,12631480,2424081,11521695,31106615,544346,1606285,,71949,923887,4468393,31227361,1825383,5842,5513,8147346,44785626,132980,53991000,191889000,2663610,227697970,9877755,72577,8752058,36099052,40800,8300,1182145,,35795,,,6378206,18852368,3599000,4537263
1965,10997885,1883652,11963091,24600,13623,5134818,5863,59290,22283100,2205833,59020,11439384,7270889,4566962,139205,191378,60332117,234980,8590786,9448100,106965,2310714,48998,950000,3853315,3493000,538100,83092908,8409,102414,8201400,5031519,3170653,6602232,6103788,20071104,231719,8612,1627540,3344639,116389,8509950,715185000,,,18646175,206279,18855509,1123795,19073,1487605,4326838,4133313,7809916,590800,9776922,14146861,4758100,110840,64457,3805881,,5117779,30265148,3017852,252833,1746439,28486709,1287808,26740270,37000,2073,463444,4563732,48763000,40035,94717,474386,411947,4464959,75638851,8009602,25492,8550333,39208,93290,301565,74100,4531949,50077,3321330,603780,640316,4137405,855,2329159,3597900,10152934,192288,485000000,105093000,25000000,7970746,2876000,48954,2578184,51987100,1777397,98882534,66312,1061463,11902456,9549179,44762,11868751,28705000,40573751,1399651,476123,2573131,2565380,2253604,2057945,952459,1208749,1623770,18721,2959173,331500,223820,1469729,6070004,3914095,9647654,97769,4993293,319164,17805,311445,1195012,755528,31507,45142399,48722,3333549,22465,1090200,491051,11776,14066154,8301446,24932663,670981,5561,10862394,12292000,146841,90360,2640400,1750391,4343664,45020052,5109,,10465,3723153,678672,57494940,10844,1325975,1989516,2170183,11467300,33267569,103,31262358,9128850,2596774,70284,392900,19027367,126541293,3264640,,5381,48916,94100,,85061,5077,127151,17418,68691,5327432,3743967,7830883,8321934,6616174,47785,2581979,1886900,4369939,1620052,143000,3282503,19898242,32084511,11202264,12085785,336711,,399481,7733853,5943000,5325878,12977635,2510619,11870412,32061978,553217,1647772,1853,74168,939255,4565747,31950718,1882148,5768,5572,8389294,45234869,143798,54350000,194303000,2693133,230512995,10205805,74195,9067735,37258369,43500,8300,1210960,,40226,,,6510081,19038028,3694000,4685272
1966,11262324,1932963,12339140,26700,14380,5201250,5907,60545,22611604,2273695,58632,11655083,7322066,4701730,145065,196706,61548117,236227,8694009,9507800,110115,2367951,49804,967932,3945474,3541000,545965,85557441,8675,106629,8258057,5077473,3253610,6779979,6216951,20448496,239230,8831,1685107,3419602,117726,8685954,735400000,,,19201732,211571,19343383,1151207,19226,1538442,4526508,4155830,7985316,595000,9815359,14224347,4797500,118886,65676,3926395,,5272639,30986381,3128206,256349,1773393,29081191,1300177,27307798,37300,,474000,4580869,49194000,42172,98562,481519,425546,4518103,76206173,8245481,25649,8613651,40851,93579,306983,79200,4610525,50782,3385447,598111,656528,4226710,,2413644,3629900,10184561,195610,495000000,107197000,25764000,8240451,2884000,49448,2641123,52331600,1820082,99790308,66944,1107384,12179771,9863639,45564,12231860,29436000,41667860,1413084,523259,2655353,2619267,2278721,2121579,973983,1243371,1693925,19066,2996683,333895,231905,1489836,6200000,4023000,9899803,100937,5101054,317482,18397,315759,1212426,774160,32383,46537832,50244,3394160,22677,1119400,496539,11723,14414636,8486381,25393924,688539,6057,11057476,12454800,148637,93462,2687550,1807123,4437620,46134375,,,10819,3753628,696718,59046203,11138,1365169,2045085,2228306,11796400,34304274,,31532016,9108800,2627368,77319,403300,19140783,127414772,3358202,,5391,48660,96065,,86301,5122,130240,17725,69766,5469365,3856528,7906036,8402575,6679670,48796,2621656,1934400,4408988,1632029,147000,3354474,20440487,32451975,11469679,12376709,345810,,409941,7807797,5996000,5500483,13321002,2592754,12231389,33035794,562088,1690838,,76456,952535,4676017,32677758,1935923,5686,5633,8640153,45673640,156574,54643000,196560000,2721207,233139090,10529599,76132,9387176,38378468,46200,8300,1235665,,45204,,,6624755,19221270,3794000,4835691
1967,11537966,1984060,12760499,25100,15563,5247469,5951,61825,22934225,2338063,58316,11872264,7376998,4827284,151120,202182,62821884,238224,8786887,9556500,113265,2427334,50548,986400,4040665,3585000,553541,88049823,8946,110971,8310226,5127935,3330989,6960067,6335506,20819767,246787,9102,1733638,3495967,119015,8858908,754550000,,,19764027,217378,19941073,1179760,19394,1588717,4744870,4174366,8139332,599400,9835109,14277347,4838800,127617,67027,4049146,,5432424,31681188,3232927,259864,1820319,29680616,1311560,27860297,37500,,485000,4605744,49569000,43991,102756,489004,439593,4564785,76368453,8490213,25926,8716441,42947,93879,311603,81400,4690773,51468,3451418,601287,672848,4318137,,2500689,3722800,10223422,198676,506000000,109343000,26538000,8519282,2900100,50209,2693585,52667100,1861096,100825279,67547,1255058,12451717,10191512,46382,12617009,30131000,42748009,1424735,575003,2736572,2674073,2301371,2186894,996380,1279406,1759224,19446,3033728,335012,239773,1511816,6334556,4147252,10154878,103810,5212416,318573,19008,319163,1230542,789309,33338,47995559,51813,3452263,22891,1149500,501035,11669,14770296,8680909,25870271,706640,6138,11261690,12596822,150529,96094,2728150,1865490,4534062,47287752,,,11185,3786019,714775,60641899,11413,1405486,2102625,2287985,12132200,35356600,,31785378,9103000,2648961,85168,414024,19284814,128183863,3451079,2351,5459,46730,97945,,87297,5191,133162,17929,70787,5618198,3965841,7971222,8472257,6734744,49888,2662190,1977600,4442238,1646912,151000,3428839,20997321,32850275,11737396,12716129,354353,,420690,7867931,6063000,5680812,13648692,2672279,12607312,34024249,570960,1735550,,78816,960155,4786986,33411317,1994131,5639,5694,8900294,46111262,171745,54959000,198712000,2748579,235629795,10864030,78219,9709552,39463910,49100,8300,1142636,,50800,,,6740785,19390351,3900000,4995432
1968,11825320,2038698,13146267,28100,17216,5350384,5996,63135,23260514,2402358,58149,12101660,7415403,4945231,157435,207811,64133002,239868,8864776,9589800,116293,2488957,51250,1005421,4139069,3627000,561941,90569084,9248,115921,8369603,5183033,3400775,7142547,6459744,21143100,254303,9476,1763062,3572528,120169,9029621,774510000,,,20321665,223443,20570629,1209505,19918,1638476,4983741,4189903,8283933,604300,9851051,14322641,4867300,137047,68412,4173328,,5596925,32337877,3347320,263377,1857075,30308330,1324437,28451255,38000,,495000,4626469,49934000,45383,107309,496853,454105,4606979,76584401,8744302,26097,8740765,44716,94349,315392,83800,4773538,52099,3519302,611160,687477,4411541,,2591112,3802700,10263542,201245,518000000,111532000,27321000,8807547,2912500,50982,2746986,52986600,1893477,101960672,68070,1382539,12691968,10532389,47213,13024159,30838000,43862159,1436878,631802,2818308,2729886,2322031,2253719,1019394,1316907,1833726,19965,3068801,335867,247282,1532751,6473179,4263813,10409339,107000,5327515,319254,19870,322092,1249383,804177,34349,49518803,53432,3505944,23142,1181000,505522,11633,15137266,8883626,26362230,725304,6219,11473118,12724680,153117,99500,2759000,1925707,4633063,48481074,,,11563,3818983,735222,62282496,11607,1446758,2161618,2349262,12476000,36424438,,32034813,9115050,2673568,93925,425070,19720984,128876498,3547932,,5531,46933,99400,,88020,5284,136151,18333,71804,5774916,4073826,8039165,8544687,6792148,51126,2703603,2012000,4471590,1657849,154000,3505657,21569468,33239301,12010095,13058929,361735,,431797,7912217,6132000,5867053,13962358,2759277,12988137,35028438,579831,1781978,,81249,963086,4894178,34164759,2054487,5609,5755,9170101,46510301,190974,55214000,200706000,2776607,237983436,11232040,80571,10041225,40511528,55700,8400,1000482,,57087,,,6859408,19552190,4009000,5171817
1969,12122740,2100263,13528304,30400,18233,5471641,6041,64475,23600026,2463153,58424,12379384,7441055,5059334,164012,213596,65482564,239321,8946091,9612700,119183,2553162,51906,1025096,4240872,3669000,571874,93114241,9567,121434,8434172,5242904,3460144,7327791,6590041,21448073,261602,9986,1794675,3650046,121242,9199122,796025000,,,20869140,229732,21178812,1240372,20463,1687100,5234620,4200551,8421048,609400,9806577,14284202,4890687,147181,69604,4298133,,5765935,32966239,3469177,266898,2007110,30969390,1342891,28962280,38400,,506000,4623785,50353000,46782,108700,503763,469095,4650335,77143888,9009048,26310,8772764,45985,94867,318493,83700,4859160,52697,3589194,615749,701552,4506965,,2685322,3863900,10302814,202920,529000000,113765000,28119000,9105567,2925600,51767,2817051,53317000,1919615,103171831,68545,1453541,12900122,10887934,48052,13454771,31544000,44998771,1448642,690445,2895676,2786805,2341871,2320495,1043044,1355941,1922974,20526,3101819,337500,254436,1553615,6615873,4379269,10662303,110810,5446489,322749,20772,324121,1269000,816027,35403,51110928,55101,3549420,23450,1214100,510001,11563,15517155,9092797,26867423,744618,6500,11692022,12873000,155768,104000,2788500,1987988,4735173,49719289,,,11954,3850977,755682,63969987,11804,1488794,2223233,2412181,12829100,37506719,,32280848,9097200,2722232,103283,435564,20010178,129572617,3656796,,5603,47223,100839,,88238,5378,139206,18728,72722,5938534,4192724,8104980,8614981,6847754,52508,2745967,2042500,4477625,1666805,158000,3584995,22157355,33566084,12275330,13402968,368064,,443277,7968018,6212000,6059400,14282297,2850066,13389543,36049959,588702,1830381,,81900,962927,4996300,34952315,2116408,5600,5794,9449977,46871405,217858,55461000,202677000,2801859,240252698,11591490,82905,10388580,41542068,60300,8500,1006458,,64153,,,6978155,19704952,4123000,5352802
1970,12430623,2156612,13931846,27267,19545,5605626,6100,65624,23962313,2519745,59039,12660160,7467086,5168973,170323,219543,67402621,238756,9027198,9637800,122070,2619809,52600,1045000,4346218,3703000,583999,95684297,9828,127554,8489574,5303777,3521913,7394644,6726733,21749986,268867,10068,1839245,3730240,122289,9368558,818315000,,,21429658,236252,21780955,1272408,20828,1735523,5503630,4205389,8542746,614600,9795226,14319099,4928757,158034,70764,4422755,,5939246,33574026,3603907,270435,2160460,31628964,1363183,29468504,38600,1994,521000,4606307,50787000,48291,114000,514597,484580,4694491,77783164,8788945,26485,8792806,46431,95410,320657,86470,4950548,53287,3661175,620020,714811,4604915,648,2760666,3959000,10337004,204104,541000000,116044000,28933000,9413671,2950100,52563,2903434,53661100,1943787,104344973,69002,1502959,13106377,11247182,48899,13911902,32241000,46152902,1459678,747502,2963792,2844851,2361159,2383029,1067136,1396565,1999162,21103,3137562,339174,261369,1574407,6765644,4489313,10910216,114572,5569486,325569,21714,325484,1289420,829511,36502,52775158,56822,3594517,23752,1247600,514472,11591,15909275,9304375,27386228,764683,6700,11918678,13032335,158355,112000,2828050,2052544,4840501,51027516,5040,,12359,3877386,778536,65705964,12005,1531038,2288056,2476785,13192800,38603696,90,32526000,9044200,2721754,113262,444806,20252541,130245476,3769171,,5676,46116,102704,,87510,5475,142331,19189,73631,6109051,4317891,8166726,8681198,6899922,54106,2789306,2074507,4523873,1675739,163000,3666949,22739921,33876479,12531522,13787599,372898,,455145,8042803,6267000,6258053,14598316,2938516,13806869,37090871,597574,1964128,1581,83100,955000,5098627,35758382,2181272,5617,5815,9728111,47235697,249369,55632000,205052000,2823659,242478113,11940155,85400,10758017,42576676,63476,8700,1032447,,72094,4879841,1510883,7098239,19839733,4251612,5514536
1971,12749385,2208719,14335388,27731,20550,5752775,6208,66354,24363816,2581671,59397,12937200,7500482,5283659,174220,225375,69226511,240606,9101396,9672500,124890,2689271,53071,1066129,4454684,3761000,599647,98245467,9841,136621,8536395,5366018,3596811,7387057,6870244,22026400,273381,10885,1883905,3813207,123247,9540298,841105000,,,21992579,243014,22385560,1305794,21285,1785636,5786465,4215869,8669625,619800,9824749,14381376,4963126,168600,71865,4546974,,6116773,34183988,3710335,273999,2208336,32307998,1381459,30099662,38682,,533000,4612124,51285000,49934,121100,525927,500576,4741628,78354709,9065500,27910,8831036,47233,96034,323709,92287,5048218,53759,3735240,623282,728990,4653084,,2855882,4045300,10364869,206092,554000000,118368000,29763000,9732199,2978300,53474,2996919,54005500,1967012,105696786,69488,1556226,13324719,11633030,49760,14364579,32883000,47247579,1472076,793314,3029219,2904042,2381641,2529267,1091675,1438780,2077381,21788,3177533,342400,263565,1596091,6920494,4606268,11171333,118880,5696656,325468,22699,327676,1310672,841079,37648,54406901,58597,3648754,24063,1283400,519914,11851,16313391,9539059,27919082,792629,6700,12154648,13193776,161491,120000,2875300,2120111,4948667,52370604,,,12972,3903039,802594,67491369,12208,1573444,2353081,2544518,13568300,39718094,,32777810,8990450,2766299,122177,453345,20469658,130977408,3880225,,5751,45840,104904,,87415,5573,145356,17872,74860,6287454,4450142,8236091,8756005,6958528,55615,2833646,2112900,4556627,1685624,168500,3751979,23338080,34195056,12776057,14182396,377191,,467416,8098328,6343293,6478681,14918496,3039443,14236867,38201901,613767,2009685,,84300,961605,5197559,36579964,2246710,5788,5836,9983229,47637239,288136,55907000,207661000,2826042,244886536,12334057,88100,11151693,43614366,70937,8500,1059861,,76230,4965745,1544337,7251383,20014589,4376371,5684187
1972,13079460,2263554,14760787,28202,21425,5894858,6318,67016,24779799,2647035,59461,13177000,7544201,5393681,178332,230800,70759295,242445,9169156,9709100,127661,2761407,53260,1087991,4565872,3819000,619351,100840058,10016,141500,8576200,5433886,3529983,7450606,7021028,22284500,275392,11680,1927260,3899068,124086,9717524,862030000,,,22542890,250027,23007669,1340458,21345,1834796,6071696,4225310,8831348,626300,9862158,14455591,4991596,178848,72969,4671329,,6298651,34807417,3790903,277603,2260187,33030559,1397391,30770372,38946,,544000,4639657,51732000,51609,124000,537977,517101,4786475,78717088,9354120,28873,8888628,48258,96618,326841,96755,5149581,53818,3811387,625361,742869,4698301,,2965146,4115700,10394091,209275,567000000,121282000,30614000,10061506,3024400,54877,3095893,54365564,1997616,107188273,70268,1613551,13541694,12044785,50637,14781241,33505000,48286241,1485874,841934,3094945,2964403,2401244,2680018,1116779,1482628,2183877,22240,3213271,346600,261202,1617701,7082430,4730997,11441462,122681,5828158,319430,23729,330290,1332786,851334,38842,55984294,60427,3703001,24371,1320500,527678,11978,16660670,9809596,28466390,821782,6800,12412593,13329874,163778,125500,2929100,2182908,5060262,53740085,,,13572,3933004,829050,69325921,12416,1616384,2416549,2614104,13954700,40850141,,33039545,8970450,2847132,131794,461633,20662648,131768681,3992121,,5827,45651,106953,,88717,5673,148489,18481,76595,6472756,4588696,8313288,8840966,7023750,57058,2879013,2152400,4593433,1694510,174500,3840161,23935810,34513161,13016733,14597019,381410,,480105,8122293,6401400,6701172,15226039,3145141,14706593,39276153,629961,2056351,,85600,975199,5303507,37492953,2313102,5960,5857,10190285,48026627,336325,56079000,209896000,2829526,247343292,12741848,90800,11515649,44655014,76319,8500,1089572,,75843,5055281,1576737,7407075,20197487,4506497,5861135
1973,13421301,2295691,15197724,28612,23092,6025841,6430,67532,25209829,2712997,59609,13380400,7586115,5497774,181985,238977,72470813,244127,9236465,9738400,130375,2836325,53450,1110611,4679923,3872000,643076,103469438,10178,145170,8620997,5507594,3540066,7533628,7179499,22559500,277218,12536,1965058,3988497,124816,9896635,881940000,,,23069231,257303,23668471,1376455,20856,1886035,6351885,4234664,9001355,633900,9912080,14549273,5021861,188750,73967,4796148,16890000,6485013,35480414,3878197,271301,2340837,33786014,1410836,31445177,39481,,556000,4666081,52157000,53190,127000,560622,534171,4825850,78950220,9649958,29434,8929086,49024,96857,329477,105550,5254378,53827,3889716,633266,755324,4742929,,3077805,4212600,10425984,212364,580000000,124271000,31491000,10401956,3073200,56317,3197411,54796843,2036377,108706797,70989,1674258,13754298,12482054,51530,15160867,34073000,49233867,1498456,893534,3161160,3026848,2421355,2825318,1142460,1528162,2312369,22864,3245551,350450,258929,1639236,7250455,4864937,11711866,125665,5964156,321838,24806,332137,1355793,861239,40089,57557303,62731,3752827,24651,1360100,534461,11985,16998378,10087915,29226657,851258,6900,12684751,13438404,165204,128500,2992300,2247491,5175408,55179709,,,14200,3960613,856714,71121085,12627,1659161,2476980,2692135,14350300,41998117,,33331131,8975950,2863420,142167,469368,20827525,132556176,4109838,,5905,45459,109025,,89894,5774,149436,18876,78222,6666928,4727163,8383682,8918143,7083225,58025,2925433,2193000,4637193,1703373,180500,3931655,24549294,34836716,13245615,15113382,383662,,493232,8136774,6441100,6931304,15525588,3242778,15201384,40302225,646155,2104154,,86800,984786,5426213,38503442,2379578,6135,5878,10385004,48367002,391337,56210000,211909000,2834115,249712380,13147733,93700,11893035,45736496,84121,8500,1124018,61976000,75458,5155283,1608619,7579501,20367416,4642941,6001949
1974,13772076,2347924,15653200,29057,24807,5986432,6269,67836,25646371,2776539,59555,13599100,7599038,5599407,185499,248343,74679411,245563,9304311,9767800,133027,2914439,53639,1133702,4796240,3925000,671769,106131448,10364,151000,8678745,5587373,3594958,7607940,7346174,22874700,278617,13352,2006137,4082064,125452,10076544,900350000,,,23593390,264851,24327147,1414408,19860,1937413,6621723,4245822,9152866,640700,9975770,14657870,5045297,198279,74718,4921761,,6675986,36216313,3971783,249952,2380509,34579876,1422291,32199367,40120,,565000,4690574,52503000,54687,130100,597096,551804,4865233,78966137,9905330,28871,8962023,49485,96340,331634,101302,5362594,53792,3970332,640043,765282,4787018,,2765159,4319600,10471272,215324,593000000,127201000,32412000,10753925,3124200,57794,3285761,55226259,2071146,110162302,71660,1737593,13971543,12944287,52390,15501464,34692000,50193464,1512430,948296,3231885,3092373,2442473,2987566,1168731,1575442,2451375,23330,3276362,355050,256653,1661657,7423573,5030764,11986260,128722,6104825,323524,25645,333474,1379655,873292,41390,59122839,64241,3800643,24885,1402600,542221,12031,17335236,10370281,29799458,882005,7000,12972880,13540584,167205,131000,3058400,2319602,5294763,56775644,,,14596,3985258,884395,72911780,12745,1706336,2540118,2772696,14753100,43162098,,33642890,9098300,2886600,153358,475364,21028841,133378674,4226380,2491,5984,45237,110985,,90996,5849,149966,19319,79667,6868001,4872244,8461865,9004086,7149280,59181,2973542,2229800,4682100,1713184,186500,4027472,25178954,35184287,13449623,15571235,380911,,506812,8160560,6460000,7169339,15824103,3344985,15681232,41305651,661194,2153238,,87700,995364,5556437,39512945,2450654,6308,6015,10619695,48676939,453222,56224000,213854000,2838213,252110639,13568700,96600,12280562,46902295,89941,8700,1166576,,75076,5272472,1642894,7755019,20549749,4784668,6172535
1975,14132019,2401108,16140252,29640,26558,5884241,6309,68041,26081880,2834136,59390,13771400,7578903,5696117,189139,258789,76253310,247147,9360184,9794800,135611,2995605,53829,1157452,4914316,3980000,704591,108823732,10533,156223,8720742,5673472,3676308,7489990,7521530,23209200,280259,14140,2057734,4179837,126010,10251542,916395000,,,24114177,272685,25027571,1453638,19231,1991580,6888884,4255000,9290074,610500,10042019,14771737,5059861,207959,75221,5048499,,6871698,36952499,4071179,213292,2421037,35396905,1432246,32975868,40826,1919,576000,4711439,52758427,56261,133100,647426,570020,4897656,78682325,10118240,29379,9046542,49584,95819,333418,102110,5473584,53721,4053377,680919,767977,4828338,729,2857540,4395800,10531820,218031,607000000,130297000,33379000,11117804,3177300,59310,3354242,55571894,2104879,111573116,72289,1802960,14157075,13433414,53226,15801308,35281000,51082308,1526753,1006892,3300684,3161118,2461606,3098159,1195487,1616410,2569606,23413,3305195,358950,254331,1684000,7603790,5267679,12267303,132608,6250341,327842,26423,334654,1404403,885461,42747,60678045,66222,3846519,25128,1445600,549000,12121,17687376,10432604,30360478,915325,7100,13278095,13653438,168549,133000,3117800,2394786,5419038,58522112,4125,,14938,4007313,913285,74711541,12838,1747783,2609796,2850419,15161199,44336842,69,33969240,9411090,2935124,165429,481100,21245103,134293372,4356863,,6065,45020,112424,,92245,5873,150839,19738,81607,7204820,4989168,8542000,9091000,7216985,60657,3027190,2262600,4729718,1722000,193000,4127771,25815144,35563535,13660275,16056068,363393,,520864,8192566,6403500,7415548,16122188,3448869,16147863,42272000,676582,2203646,1569,89200,1006931,5703966,40529798,2523906,6468,6211,10890181,48973428,522571,56215000,215973000,2841818,254518689,13987696,99700,12674987,48075207,94484,8800,1200805,,78804,5415204,1678236,7934497,20732000,4923730,6341797
1976,14501369,2454824,16634618,30272,28500,5942225,6350,68361,26531280,2892704,59337,13915500,7565525,5789818,193257,273661,77928480,248023,9405544,9811000,138135,3080268,54018,1181554,4955744,4033000,741273,111545124,10626,161626,8755037,5764606,3749077,7223359,7721125,23517500,282516,14028,2112053,4281867,126530,10432214,930685000,,,24620486,280815,25737520,1494409,18127,2048557,7170368,4286311,9420906,598600,10105143,14883683,5072596,217219,75559,5175585,,7072687,37736990,4174737,190808,2469199,36294034,1442204,33824835,41393,,585000,4725664,52953613,57871,136300,687695,588836,4930036,78298957,10333176,29696,9167190,49692,95555,334454,102478,5586789,53630,4138911,732707,763718,4867802,,2954226,4518000,10588729,220133,620000000,133297000,34381000,11493995,3227800,60687,3423635,55838536,2133388,112774841,72900,1869657,14304436,13951436,54075,16069433,35860000,51929433,1539760,1071549,3366925,3175524,2476760,3118590,1222874,1659105,2666160,23514,3333542,360750,251775,1706445,7805271,5473443,12553963,136604,6400896,329354,27224,335492,1430069,897811,44164,62219964,68263,3885894,25406,1487150,554552,12051,18042963,10769649,30936848,950488,7200,13599104,13769913,169591,134500,3153550,2473102,5547894,60324738,,,15316,4026152,956453,76456121,12931,1789842,2680390,2919486,15573199,45574350,,34299428,9621970,3026125,176798,486749,21445698,135269263,4502352,,6148,44910,114896,,93439,5896,151200,20127,84176,7620435,5100499,8614774,9169326,7278470,61990,3083053,2293300,4778540,1734454,199500,4237929,26467896,35996780,13887354,16570074,353047,,535618,8222310,6333313,7670214,16450056,3553782,16625711,43221022,652698,2255413,,90200,1021480,5859294,41485146,2594288,6651,6471,11169608,49233524,598023,56206000,218035000,2857453,256882729,14404009,102800,13082017,49273016,96166,9200,1228388,,86539,5584792,1716446,8170521,20929536,5067045,6496418
1977,14880372,2509048,17152804,30839,29396,6162675,6390,68637,26983828,2954907,59412,14074100,7568430,5886578,197499,297410,80428306,249169,9457385,9821800,140578,3168267,54207,1205659,5079716,4086000,781472,114313951,10719,167216,8797022,5889574,3834415,6978607,7959865,23796400,285691,14800,2167533,4388260,127090,10599793,943455000,,,25094412,304739,26480870,1536769,18483,2108457,7459574,4318673,9537988,598400,10161915,14989718,5088419,228694,75733,5302800,,7278866,38783863,4282586,192675,2512642,37130441,1453168,34617799,41860,,599339,4738902,53165019,59707,138156,706367,608274,4963464,78160773,10538093,28900,9308479,49433,94280,334846,101167,5703430,53555,4227026,745228,758334,4908554,,3055235,4583700,10637171,221823,634000000,136725000,35480679,11882916,3271900,61503,3495918,56059245,2156814,113872473,73535,1937652,14454828,14500404,54938,16325320,36436000,52761320,1552556,1140357,3432218,3208346,2491407,3115787,1251524,1703617,2721783,23927,3361419,361450,249116,1727797,8007166,5637246,12845381,140721,6491649,332066,28050,336148,1456688,913025,45644,63759976,70368,3920281,25687,1528000,560073,11926,18396941,11127868,31528087,977026,7300,13933198,13852989,170574,136000,3164900,2554598,5682086,62209173,,,15710,4043205,1004533,78152686,13025,1839782,2753462,2984494,15990099,46850962,,34621254,9662600,3080828,188947,492095,21658597,136263686,4657072,,6252,44817,116916,,94577,5920,152748,20480,86796,8128505,5260855,8686367,9246440,7338958,63400,3140897,2325300,4827803,1746919,207339,4353666,27129932,36439000,14116836,17104986,360780,,551425,8251648,6316424,7932503,16785196,3659375,17129565,44148285,628814,2308582,,90593,1039009,6005061,42404033,2663744,6859,6770,11457758,49453675,683672,56179000,220239000,2873520,259225085,14808950,106000,13503563,50533506,93203,9200,1261091,,95033,5780804,1756682,8403990,21125829,5216550,6642107
1978,15269281,2563376,17685768,31411,30321,6285716,6431,68608,27440272,3014042,59481,14248600,7562305,5986427,201499,322535,82935511,250145,9520280,9829700,142937,3259760,54377,1230769,5204622,4135000,822247,117146603,10812,173000,8803281,6023204,3929974,6749278,8206825,24036300,288855,15332,2224608,4498511,127671,10759823,956165000,,,25542727,313970,27314183,1580775,18650,2192367,7756303,4349242,9634028,601000,10212894,15088911,5104247,247883,75830,5431308,,7489432,40020461,4396275,194597,2537978,37754295,1463533,35216317,42481,,610845,4752528,53380649,62287,142083,726252,628354,4991045,78066074,10720559,28980,9429959,49243,92535,335118,101960,5822706,53485,4317827,758113,755889,4950634,,3167869,4667500,10673300,223587,648000000,140062000,36649829,12317137,3314000,62331,3569780,56240143,2179441,114912911,74186,2006908,14623619,15079690,55713,16579905,37019000,53598905,1564448,1213584,3496165,3247736,2504508,3109385,1281271,1750011,2796747,24412,3386988,362100,248564,1747113,8216944,5791837,13138530,144875,6578372,339786,28901,336888,1485467,929367,47189,65295990,72538,3947422,25971,1571700,565561,11728,18758283,11466483,32053297,997913,7434,14280079,13936754,170743,137500,3165800,2609107,5821985,64203864,,,16118,4058671,1058744,80051300,13120,1872588,2830006,3050953,16414399,48171780,,34929072,9698780,3117884,201932,497039,21831875,137245870,4818992,,6436,44601,119025,,95717,5943,153529,20820,89367,8708801,5426864,8752904,9318465,7395174,64441,3200714,2353600,4876017,1759395,215444,4677751,27809087,36861034,14370898,17712471,366025,,568333,8275778,6332568,8203499,17111535,3760973,17647395,45056957,604930,2363192,,90977,1055527,6136282,43316697,2733933,7049,7034,11755730,49642987,778736,56167000,222585000,2889495,261524905,15207113,109400,13930824,51662728,95929,10000,1296061,,104360,5999643,1799690,8641036,21309215,5371218,6767223
1979,15555612,2617679,18229932,31964,31274,6451227,6473,68519,27901971,3066726,59741,14421900,7549425,6082087,206150,336070,85492214,251145,9581518,9837200,145205,3354798,54516,1255882,5326981,4181000,862602,120040282,10903,178899,8811589,6165533,4119789,6716111,8451209,24276900,292276,16163,2284965,4545410,128274,10922822,969005000,,,26030848,323557,28201693,1626497,18442,2259714,8061217,4379909,9710150,605100,10259670,15182228,5116800,263409,75752,5562270,,7703577,41257718,4508055,221299,2556806,38221073,1472244,35664267,43045,,622328,4764690,53605523,64907,146463,722642,649096,5018606,78081292,10878226,29263,9548258,49555,91354,335616,103941,5942151,53422,4411454,771376,757400,4994123,,3278690,4929700,10698234,225749,664000000,143485000,37988508,12768376,3368200,63170,3653480,56367710,2207245,115890431,74852,2077386,14803694,15690251,56625,16840290,37534000,54374290,1575960,1291514,3559457,3268021,2514167,3099426,1312161,1798417,2928575,24741,3410869,363000,251368,1768203,8442496,5955844,13443844,149280,6672872,346876,29778,337943,1516462,946640,49517,66825878,74774,3969989,26260,1617200,571018,11592,19125959,11828029,32664235,1027780,7571,14640898,14030002,171297,138800,3164550,2689042,5967481,66319068,,,16497,4072517,1115515,82374302,13215,1914853,2908571,3119329,16848699,49537371,,35256645,9724560,3168446,215809,501979,22001388,138163680,4975833,,6948,44373,120396,,97012,5967,154339,21170,91804,9346019,5598599,8817307,9388325,7449587,65382,3262699,2383500,4922558,1772854,223814,5308692,28505816,37200014,14648618,18386531,363631,,588268,8293723,6350840,8483754,17450136,3862932,18174406,46003776,581046,2420740,,91352,1073027,6280477,44222576,2804142,7254,7366,12032167,49835012,884040,56228000,225055000,2905131,263750613,15605490,113399,14355117,52668447,96183,10200,1329554,,114603,6234888,1846960,8883381,21490291,5531990,6887132
1980,15112149,2671412,18806061,32418,33584,6741465,6515,68546,28369799,3115289,60266,14615900,7549433,6173361,209944,347568,88076996,251966,9643706,9846800,144416,3444361,54726,1281000,5441298,4092000,900476,122958132,10998,185220,8843528,6315312,4299555,6869171,8746201,24593300,296042,17082,2348429,4542002,128891,11093718,981235000,,,26582811,333513,29010717,1674005,18010,2299124,8375546,4383000,9652975,611000,10288726,15254684,5123027,279149,75446,5696855,,7920499,42634215,4566199,256009,2568741,38605198,1482196,36036457,43453,1858,634506,4779535,53869743,67762,150896,713502,670523,5045697,78297904,11015630,29233,9642505,50208,90164,336846,106869,6064228,53360,4508009,789053,759352,5029725,726,3401940,5063100,10711122,228161,679000000,146995000,39583397,13232839,3401000,64019,3737473,56451247,2228803,116807309,75531,2162807,14966718,16331401,57536,17113626,38124000,55237626,1600570,1369769,3622728,3293159,2524543,3085876,1344218,1848979,3065365,25074,3435289,364400,255773,1792000,8676821,6129035,13764352,153957,6774767,364001,30681,339365,1549589,963701,51995,68347479,77080,3996278,26551,1662380,560000,11770,19487272,12102619,33373316,1058021,7710,15016477,14143901,172534,139400,3170150,2805321,6118518,68550274,3420,,16890,4085620,1174857,85219117,13311,1956454,2991217,3193047,17295298,50940182,63,35578016,9777800,3209648,230640,507015,22130036,139038849,5138689,,6469,44186,122477,,98139,5990,155177,21463,94071,9999161,5776012,8955000,9515000,7565921,66489,3327118,2413900,4965958,1833000,232452,5790705,29251588,37488360,14900181,19063992,354860,,611447,8310473,6385229,8773582,17848320,3969126,18715307,47025764,557162,2481375,1556,91361,1090513,6443183,45120802,2875133,7465,7490,12296592,50046649,1000285,56314000,227726463,2919851,265935636,16000074,116771,14767890,53715202,99636,10800,1359954,,125852,6483356,1897991,9132545,21615000,5699777,7169968
1981,13812973,2724272,19407036,33595,37825,6877697,6557,68264,28862831,3166098,60717,14923260,7564629,6270531,214710,363427,90666000,252376,9712761,9852400,149191,3540043,54911,1306579,5545224,4135743,934438,125929730,11422,192831,8869441,6471556,4480338,7059498,9024472,24900000,300190,17898,2412299,4646494,129660,11282304,993861000,,,27159381,340765,29806198,1723397,17646,2357285,8697986,4390829,9711975,617900,10297904,15311596,5121572,293659,75123,5831508,,8141078,44196104,4515094,271778,2592782,39649026,1493318,37056244,43858,,646772,4799964,54147284,70885,155686,730507,692658,5073148,78401830,11176529,29701,9729350,51039,92354,338693,109166,6208454,53415,4607654,807257,761204,5108660,,3542519,5183400,10711848,230803,692000000,150134000,41315636,13703103,3443400,64660,3801338,56502489,2258368,117648092,76245,2253579,15136447,16988530,58445,17384008,38723000,56107008,1603831,1432188,3690194,3336978,2536976,3081499,1377430,1901768,3204071,25672,3462341,365400,260929,1808103,8919844,6311339,14096663,158926,6883907,363652,32267,340940,1584814,979050,54629,69969263,79581,4026204,26846,1708832,560090,11787,19846221,12363066,34019441,1074401,7852,15402612,14246049,174179,142500,3185450,2901332,6275098,70815282,,1849,17576,4099702,1237945,88417079,13408,1995823,3064312,3275777,17754798,52195262,,35901961,9850079,3238968,242474,511650,22256551,139899972,5310271,,6577,43991,124183,,99119,6014,156046,21710,96443,10627409,5959049,8973246,9533336,7581337,67702,3394288,2535368,5013692,1839256,241354,5824927,30168679,37750800,15151762,19701604,352967,,631303,8320485,6425450,9073312,18177430,4078516,19273923,47936504,576054,2555796,,91769,1101836,6605707,46222187,2946676,7791,7623,12595972,50235677,1100356,56382597,229966237,2935649,268142258,16413399,120223,15166255,54902677,99853,11200,1388910,,138204,6744025,1955071,9390138,21707267,5884561,7429223
1982,12881816,2780097,20033753,34706,39940,7016384,6599,68008,29341374,3218691,61569,15184200,7574613,6369133,219682,377967,93074406,253522,9778781,9856303,153277,3641603,55168,1333704,5642224,4172693,970347,128962939,11823,199468,8892098,6634596,4580410,7272485,9250831,25201900,304586,18518,2476971,4875118,130914,11487112,1000281000,,,27764644,348643,30646495,1774735,17420,2424367,9025951,4413368,9789224,624300,10303704,15351747,5117810,305991,74826,5968349,,8365850,45681811,4474873,285483,2637297,40749053,1504043,38111756,44246,,658906,4826933,54433565,73999,160416,753874,715523,5101213,78335266,11400338,29282,9786480,51669,92112,340813,109275,6395630,53846,4710497,825987,761673,5198399,,3669448,5264500,10705535,233997,708000000,153343000,43072751,14173318,3480000,64580,3858421,56535636,2298309,118454974,77068,2347031,15303467,17661452,59351,17647518,39326000,56973518,1614480,1497494,3762646,3411156,2552229,3086876,1411807,1956875,3344074,26255,3491974,365718,270811,1823791,9171477,6502825,14441916,164210,6998256,360222,33621,342583,1622136,992040,57431,71640904,82188,4055086,27160,1756032,562548,11662,20198730,12587223,34680442,1099010,7996,15796314,14310401,176526,145000,3210650,2979423,6437188,73039376,,,18301,4114787,1301048,91462088,13507,2036305,3139596,3366439,18125129,53456774,,36227381,9859650,3279001,252300,517810,22356726,140821820,5507565,3059,6639,43862,125938,,100314,6037,158084,21993,98593,11254672,6147783,9032824,9613644,7631673,68495,3464522,2651869,5048043,1861252,250516,5828892,31140029,37983310,15410151,20367053,359611,,649901,8325260,6468126,9410494,18501390,4193811,19844382,48827160,594947,2644765,,92201,1116479,6734098,47328791,3018436,8149,7766,12939400,50397455,1203634,56339704,232187835,2953997,270418758,16849973,123745,15620766,56142181,100068,11900,1425876,,151768,7020166,2016475,9657618,21884748,6100407,7636524
1983,12934937,2837315,20680982,35838,41627,7238214,6642,65434,29801763,3270153,62483,15393500,7552896,6470276,224719,393022,95384346,254918,9845174,9855520,156825,3748839,55506,1362337,5737434,4207275,1006466,131891729,12262,206154,8910284,6804810,4692262,7499259,9521511,25456300,309265,19086,2542451,5073154,132179,11686845,1023288000,,,28389398,356997,31444001,1828053,17455,2494353,9360268,4430941,9885596,631800,10306888,15388264,5114297,316123,74763,6105286,,8593494,47093025,4521153,299577,2693884,41898385,1514671,39204501,44571,,671914,4855787,54649810,78844,165319,778618,739143,5130925,78121655,12150541,28750,9840526,52125,91899,345275,114080,6546945,54280,4816673,845212,760529,5297652,,3795505,5345100,10689463,237041,723000000,156623000,44833141,14652218,3504000,64501,3926893,56630129,2306556,119269949,77899,2439504,15466787,18349550,60253,17917990,39910000,57827990,1624276,1565822,3841789,3494963,2569826,3089792,1447280,2014375,3484531,26446,3523380,365885,285451,1831444,9432079,6702443,14793099,169830,7116320,355773,35121,345978,1661573,1002175,60414,73362881,84942,4082711,27497,1805004,565705,11560,20740299,12772878,35364794,1134107,8147,16199649,14362381,178902,146584,3245800,3048600,6604789,74154971,,,19139,4128432,1363189,94147312,13605,2077631,3216925,3462731,18516941,54697515,,36571418,9872243,3316031,283926,523170,22407281,141861725,5701104,,6748,43697,127822,,101559,6077,160155,22310,100842,11912032,6342309,9087632,9669888,7677979,69116,3538074,2689263,5081376,1878555,259953,6002525,32143960,38184166,15618275,21750815,365602,,672690,8329028,6501073,9757388,18803390,4315817,20437869,49694245,613839,2738544,,92628,1133265,6859890,48440170,3091431,8524,7919,13321200,50573066,1315978,56382623,234307207,2972570,272856014,17298283,127335,16084417,57436347,100348,12398,1474659,,157814,7308918,2082072,9936258,22018103,6337427,7928538
1984,13387737,2895998,21340546,37092,42712,7439658,6688,64105,30235573,3322394,63337,15579400,7554132,6578901,229819,408282,97611763,256227,9914262,9855300,160800,3861680,55853,1392489,5834293,4241401,1042702,134626216,12726,213018,8928271,6982590,4802889,7656585,9815056,25701800,314237,20020,2627937,5125782,133458,11879139,1036825000,,,29027923,365813,32337982,1883386,17691,2567516,9701389,4441854,9982299,639900,10309224,15423304,5111619,289431,74850,6240883,,8825829,48550155,4587633,314447,2759280,42831710,1526128,40072430,45063,,685572,4881788,54946500,83757,170279,804827,763854,5161724,77855422,12829647,28194,9887169,52644,91905,349721,117296,6726525,54718,5045067,864949,759690,5404670,,3932288,5397900,10668095,239498,739000000,159975000,46624731,15160546,3529000,64422,4005301,56696963,2313362,120034697,78740,2532511,15630279,19051861,61147,18196000,40406000,58602000,1625905,1637314,3923781,3576706,2587996,3090257,1483833,2074333,3624920,26597,3555054,366272,298982,1837295,9701947,6909279,15157328,175800,7238471,351379,36648,349558,1703154,1012005,63594,75080138,87784,4113243,27837,1855693,558389,11442,21295943,12923005,36060228,1169268,8329,16613359,14420022,181168,149659,3278900,3121094,6777992,75526667,,,20109,4140095,1423521,96489872,13705,2120220,3296419,3563622,18927692,55963794,,36904134,9885387,3350037,314767,532769,22453788,142922263,5860320,,7488,43448,129815,,102563,6110,162265,22501,103184,12606940,6542073,9096747,9669888,7685681,69830,3615186,2743297,5114080,1896413,269681,6207416,33181594,38362861,15810021,22542649,370748,,696870,8342621,6529684,10114082,19083348,4445727,21050790,50533778,632731,2836453,,92883,1150426,7184530,49554400,3164611,8911,8080,13761689,50769375,1437950,56462228,236348292,2990097,275379897,17764159,130982,16544524,58762040,100600,12806,1524537,,162236,7607948,2150320,10229272,22086851,6563331,8241357
1985,13796928,2956697,22008450,38633,44596,7581504,6912,63852,30675059,3373532,64129,15788300,7559776,6681687,234988,423950,99752733,257446,9981744,9858200,165530,3982013,56181,1424193,5934935,4275355,1078902,137302933,13183,220215,8943573,7168228,4906862,7805090,10127591,25941600,319490,20846,2712740,5169374,134748,12066701,1051040000,,,29678395,375099,33340593,1941071,17424,2643808,10049353,4457874,10078658,647300,10310162,15454794,5113691,296544,74852,6377765,,9061664,50052381,4664361,324741,2789056,43487134,1538224,40698078,45574,1863,698942,4901783,55171224,88828,175416,832590,790282,5192957,77684907,13224725,27905,9923253,53174,92203,354125,120615,6917947,55159,5327721,885234,758329,5517977,747,4076514,5456200,10648713,241403,755000000,163403000,48439952,15693620,3540000,64342,4074965,56731215,2318652,120754335,79589,2627750,15789549,19763285,62034,18481420,40806000,59287420,1635482,1732824,4005552,3657169,2606405,3088235,1521382,2136793,3675422,26879,3587032,367169,305843,1844740,9981292,7123455,15545028,181749,7365165,347039,38240,353188,1746923,1021710,66849,76767225,90631,4148172,28181,1907701,560562,11323,21857410,13062589,36740515,1203934,8517,17037772,14491380,182923,152591,3298050,3190053,6956968,77573154,2756,,21386,4152419,1481587,99060352,13804,2164335,3378233,3668292,19348926,57288037,62,37225792,9897192,3382106,345079,541776,22521195,143937997,6009833,,7941,43183,131871,,103436,6156,164417,22589,105624,13330067,6746778,9150329,9723912,7730951,70578,3695969,2749897,5144632,1914220,279720,6445623,34254092,38534853,16020699,23454185,375592,,722451,8356337,6563770,10480643,19337363,4587499,21677040,51341809,651624,2938286,1593,93352,1166353,7362332,50669003,3240472,9316,8250,14225933,50944248,1570219,56620240,238466283,3008270,277873515,18258445,134677,16997509,60093068,100760,13001,1576361,,166784,7916723,2219923,10539928,22216101,6779477,8560378
1986,13856100,3015438,22642538,40164,46476,7744932,7138,63675,31145966,3421978,64817,16018350,7568242,6776473,239832,439556,101768861,258506,10044184,9861800,171219,4110035,56514,1457094,6041350,4307685,1114934,140111725,13631,227691,8958770,7367641,5002688,8066070,10454538,26203800,325009,21438,2774241,5314060,138888,12259840,1066790000,,,30326818,384862,34372899,2001363,17558,2723111,10403065,4471752,10162192,650000,10308836,15480920,5120534,303756,74672,6515757,,9301083,51593433,4751017,332827,2837875,44500074,1550072,41662199,46054,,712989,4917386,55387361,94003,180644,858970,818467,5218973,77713485,13776193,27969,9951370,53665,92576,358368,122880,7117868,58440,5505366,906084,756887,5635089,,4225991,5524600,10630563,242999,771000000,166312000,50273273,16247340,3540500,64531,4137141,56733833,2323182,121491913,80448,2724221,15946119,20479093,63769,18772457,41214000,59986457,1644596,1811489,4089478,3761769,2626695,3086848,1559868,2201806,3699538,27238,3619593,369019,312196,1850679,10270192,7391617,15941178,188125,7496855,346625,39903,356886,1792933,1032333,70694,78442430,94151,4183283,28530,1960796,564558,11205,22421628,13142107,37397074,1240171,8708,17472236,14571875,184328,155582,3308300,3262816,7141829,79345497,,1977,23026,4166596,1537697,102046668,13963,2209048,3462394,3775922,19771935,58648857,,37504275,9907411,3413303,375013,551188,22599678,144966550,6166230,,8310,42874,133750,,104258,6209,165746,22771,108165,13998295,6956526,9201321,9777137,7774033,71253,3780514,2750069,5172084,1932129,290061,6699590,35098897,38707556,16256077,24171132,379472,,750707,8384069,6603192,10856962,19555581,4738036,22328642,52129476,670516,3044174,,93744,1180346,7544710,51780211,3323673,9733,8427,14717932,51095072,1713616,56796260,240650755,3026971,280369405,18769226,138418,17450161,61439826,100842,13274,1630382,,171461,8230596,2289918,10869580,22339382,7022362,8876579
1987,13867957,3075321,23254956,41876,47671,7874230,7367,63510,31620918,3468857,65415,16257249,7578903,6873978,244042,454612,103764241,259428,10097446,9870200,176347,4243788,56831,1490857,6156369,4338977,1151184,142938076,14099,235357,8971958,7586551,5126023,8371791,10780667,26549700,330779,22072,2840009,5498955,140720,12463354,1084035000,,,30964245,395114,35481645,2064095,17566,2799811,10761098,4484310,10239839,659400,10311597,15510915,5127024,311025,74246,6655297,,9545158,52799062,4842194,341244,2915959,45915489,1562224,42999530,46683,,719574,4931729,55630100,99323,185839,880397,848406,5239970,77718298,14168101,28214,9974490,54129,92719,362691,125724,7326406,59441,5650262,927524,755464,5756203,,4372203,5584510,10612740,244676,788000000,169276000,51889696,16543189,3539900,65450,4203148,56729703,2326606,122091325,81279,2820042,16109358,21198082,65579,19067554,41622000,60689554,1649862,1891487,4175598,3869313,2648965,3089353,1599200,2269414,3799845,27546,3653339,371660,322983,1856378,10568642,7824747,16331785,194783,7634008,349047,41636,360841,1841240,1042663,74877,80122492,97727,4216682,28883,2015133,569473,11087,22987397,12891952,38028578,1278184,8905,17917180,14665278,185666,158737,3317166,3344353,7332638,81551520,,,25400,4186147,1593882,105186881,14264,2253639,3548932,3886512,20195924,60017788,,37740710,9915289,3444468,402134,562035,22686371,145958907,6349365,,6544,42529,135379,,104902,6262,166575,22957,110812,14619745,7171347,9230783,9809689,7798925,71841,3868905,2794552,5199318,1945870,300694,6921858,35933379,38880702,16495304,24725960,382559,,779348,8421403,6649942,11242847,19757799,4891199,23040630,52910342,689409,3154264,,93982,1191336,7724976,52881328,3410704,10163,8609,15283050,51218101,1778365,56981620,242803533,3045153,282805060,19279732,142207,17910182,62826491,100901,13347,1691210,,176270,8550331,2362194,11219340,22435224,7272406,9216418
1988,14076478,3136843,23883858,43623,49365,8018724,7654,63339,32090943,3515614,65922,16520206,7599791,6975798,248063,469484,105771136,260313,10149612,9884000,181390,4382448,57166,1525539,6283164,4369894,1188137,145782100,14615,242997,8982025,7824563,5257314,8689250,11105864,26894800,336773,24500,2916332,5674660,142567,12677524,1101630000,,,31589376,405874,36632259,2129084,17786,2875267,11122436,4493676,10334044,664217,10313782,15537004,5129516,326580,73740,6796121,,9794122,54024248,4930397,349968,2978325,47584614,1569187,44606289,47090,,725994,4946633,55873463,104745,191173,899193,880170,5320248,78030572,14568008,28556,9982723,54892,92805,367386,127545,7543322,60484,5800268,949625,754045,5880465,,4513723,5628407,10442500,249885,805000000,172294000,53318370,17038084,3529600,66538,4271530,56734027,2330226,122613000,82083,2916505,16206749,21918633,67459,19371141,42031000,61402141,1656892,1973148,4243665,3979884,2664068,3095949,1639294,2339630,3913314,27825,3673950,375624,332136,1858920,10876604,8349217,16729187,201721,7777570,351951,43446,365013,1891894,1052336,79415,81781816,101343,4289659,29241,2070723,574401,10969,23554959,12517962,38603755,1332970,9100,18374009,14761339,186689,161885,3331205,3433924,7529666,83815330,,,29053,4208729,1651822,108384014,14572,2298640,3638032,4000058,20625082,61384736,,37866840,9920611,3474992,429731,573509,22768897,146865701,6552179,,6582,42151,136814,,105457,6316,166509,23040,113570,15233131,7391190,9270114,9852116,7832155,72387,3961276,2869266,5223222,1961775,311637,6900134,36761065,39053881,16734716,25240354,386349,,817085,8469339,6704112,11632190,19976096,5036494,23760348,53683427,708301,3268540,,93290,1198392,7895088,53966237,3492186,10610,8794,15892811,51422963,1839339,57159603,245021414,3063668,285120160,19694266,146040,18378534,64211347,100952,13458,1757935,,181216,8890605,2438167,11591069,22536381,7502249,9560036
1989,14511868,3195800,24500650,45384,50516,8148595,7998,63118,32558573,3325992,66335,16780235,7627861,7101735,252424,484791,107806550,261441,10184084,9937697,186418,4526250,57485,1561160,6423135,4398322,1225684,148567499,15143,250553,8990055,8076170,5379124,9017752,11438491,27379300,342950,25072,2998720,5829327,144404,12901157,1118650000,,,32216557,417164,37814050,2196100,18008,2951454,11484678,4501397,10439251,670912,10314343,15559005,5132593,349928,73274,6937802,,10048223,55262806,5015522,359008,2989759,49386315,1570926,46396556,47279,,732181,4962441,56416625,110251,196542,918253,913762,5398106,78644914,14975941,28905,10030765,55453,92825,372445,130947,7768407,61544,5955501,972421,752537,6004762,,4654540,5660721,10397959,252746,822000000,175369000,54851198,17568414,3513200,67644,4344042,56737529,2337517,123107500,82860,3018990,16265063,22638202,69387,19687910,42449000,62136910,1664158,2056779,4301702,4093568,2667309,3106800,1680103,2412315,4026847,28074,3681250,377621,341237,1863007,11194241,8843826,17117834,208931,7927623,355323,44643,369305,1937201,1062525,84326,83366836,104976,4359496,29604,2159157,578981,10849,24122368,12474404,39132189,1409105,9295,18843260,14848907,187630,165003,3341632,3530673,7733615,86135468,,,35294,4226142,1711642,111502409,14886,2344226,3729905,4116564,21063800,62814469,,37970155,9923147,3505600,456616,585202,22852123,147351694,6745103,,6624,41769,138198,,105978,6370,167389,23188,116448,15829361,7615614,9310769,9895502,7866504,72872,4057767,2957752,5244662,1976217,322908,6748499,37581427,39214523,16970982,25837856,390987,,851904,8526276,6763653,12018448,20207541,5183469,24447781,54445689,727194,3385787,,92744,1200303,8052989,55031033,3573704,11060,8981,16500123,51501478,1896774,57324472,247341697,3084065,286578215,20112207,149913,18850722,65868481,101041,13569,1820817,,186212,9223805,2567440,11986392,22634445,7722416,9867471
1990,14669339,3250778,25093154,47199,52837,8290856,8343,62721,33022202,3376783,66653,17022133,7722953,7199838,257253,500476,109896945,262624,10215208,9969310,190847,4676077,57781,1597719,6573900,4423646,1263643,151083809,15691,258172,8894028,8335771,5505113,9355479,11778594,27790600,349264,26358,3083530,6022856,146232,13127760,1135185000,,,32858579,429010,39064041,2264842,18231,3027175,11981454,4508347,10544793,681349,10309514,15572130,5140954,366088,72714,7077651,16111000,10318036,56694413,5099884,368379,2996243,51193511,1569322,48197268,47439,2003,738090,4986431,56735161,115930,201826,937493,949255,5426207,79380394,15399466,29017,10129603,55678,92360,377678,134125,8001019,62623,6278696,995991,750903,6126101,770,4792271,5687959,10371878,254719,839000000,178500000,57035717,18134702,3508200,68766,4512068,56742886,2347922,123537399,83609,3262054,16398131,23358413,71341,20018546,42869000,62887546,1670808,2142011,4382486,4210452,2663590,3147267,1721563,2116666,4139825,28796,3694836,382966,351756,1861361,11522099,9286655,17503607,216401,8083816,359107,45830,373565,1984449,1073507,89629,84913652,108600,4397798,29972,2216340,583202,10728,24685960,12655732,39655394,1471314,9488,19325207,14951510,188788,168361,3359604,3683746,7945137,88510354,2258,,44037,4242006,1772974,114578478,15207,2390419,3824787,4236056,21511443,64318120,65,38119408,9922689,3536910,481477,597308,22865945,147974148,6923738,5038,6669,41405,139570,,106524,6424,170477,23469,119453,16060761,7844199,9347973,9935057,7897937,73439,4220883,3047100,5262616,1991210,334524,6675067,38391094,39350769,17192896,26627366,395000,3544,884616,8600815,6836626,12436046,20278957,5332472,25137888,55196722,746086,3504813,1602,92073,1198247,8207240,56084632,3667588,11514,9168,17074034,51622275,1950792,57493307,250131894,3105708,288544755,20624073,153785,19325222,67282704,103963,13680,1897320,63254000,191255,9632403,2681173,12416080,22719621,7941694,10152933
1991,14871963,3294227,25689444,48529,57558,8490763,8691,62410,33491595,3437479,66919,17257526,7818423,7308339,260335,515234,111935847,263693,10244639,10004487,195733,4828814,58095,1635161,6731484,4449406,1301796,153511587,16268,265877,8772368,8603238,5636676,9704523,12122404,28117600,355545,27517,3173017,6232340,145522,13352503,1150780000,,,33518610,441427,40388906,2336155,18457,3101029,12461399,4540641,10642491,693906,10305158,15586768,5154352,375227,72038,7216352,15910000,10526095,58139197,5185604,378008,3310098,53584960,1559547,50274862,47571,,743876,5013786,57055448,121664,207085,959814,986512,5420156,79984244,15837581,28928,10250880,55677,91837,382946,138159,8240499,61289,6727693,1020178,748816,6226921,,4931117,5752000,10364737,256831,856000000,181628000,59112783,17471586,3530771,69879,4756279,56747462,2358643,123946268,84233,3630633,16504750,24125055,73322,20361086,43318030,63679116,2092679,954071,4448687,4330626,2651308,3193208,1762702,1816959,4252354,29288,3702136,387152,363858,1867710,11860473,9655208,17906485,224107,8247171,362579,46856,377676,2041306,1084777,95267,86488032,111689,4427569,30159,2268325,590872,10606,25244056,12920197,40155099,1513139,9665,19818809,15066220,190140,171988,3396964,3871551,8164668,90920655,,1912,46555,4261733,1843255,117653767,15549,2437528,3922925,4358536,21967278,65788832,,38253222,9919009,3562110,504531,609686,22825559,148299817,7110348,,6717,41047,140943,,107010,6478,172553,23774,122596,16305774,8076976,9617827,10210920,7595636,74208,4333951,3144576,5281610,1999480,346469,6448104,39183648,39461418,17390974,27445775,398992,3405,925717,8668112,6920562,12848845,20492997,5481045,25853394,55930062,771238,3625489,,91218,1192417,8364780,57135435,3760644,12080,9354,17651716,51730355,2001524,57665646,253492503,3127574,290113614,21137143,157616,19801117,68639527,104807,13846,1997073,63889000,196342,,,12882420,23068157,8162612,10429405
1992,16317921,3326498,26298373,49872,61496,8735988,9038,62453,33958947,3378331,67174,17481977,7914969,7413618,264085,529491,113704579,264925,10306362,10045622,200798,4981671,58696,1673428,6893451,4256013,1342614,155975974,16753,273701,8658506,8878303,5809236,10150094,12467171,28523502,361638,28678,3265124,6429417,146443,13572994,1164970000,,,34202721,454429,41672143,2409073,18680,3173216,12772596,4494013,10723260,707285,10315702,15618590,5171393,384156,71775,7351181,,10748394,59402198,5274649,387838,3668440,55756999,1528715,52088559,47780,,750242,5041039,57374179,127452,212174,985739,1025384,5355289,80597764,16278738,28209,10325429,55659,91487,388102,142326,8486949,61675,6990574,1050938,747460,6326682,,5077347,5829696,10348684,259012,872000000,184816000,60397973,17861905,3557761,70504,4936550,56840847,2378618,124329269,84768,3867409,16542063,25020539,75329,20711375,43805450,64516825,2227264,1418095,4495436,4454183,2615869,3219994,1803195,1912974,4364501,29706,3700278,392552,375382,1889358,12210395,10014249,18319502,232026,8416215,365897,47681,381739,2119465,1096202,101167,88111030,114694,4448083,30345,2312802,621621,10681,25798239,13160731,40546538,1554253,9826,20326209,15174244,192002,175612,3437674,4017939,8392818,93364244,,,49211,4286357,1915208,120065004,15916,2484997,4024135,4483945,22430449,67185766,,38370697,9927680,3585176,529399,622191,22797027,148401650,7290203,,6767,40683,142400,,108094,6533,174011,24069,125911,16945857,8307920,9826397,10448018,7604063,74962,4260884,3235865,5302888,1999210,358713,6099799,39964159,39549438,17587060,28227588,402943,3309,962344,8718867,6995447,13219062,20686918,5600694,26605473,56667095,796343,3747553,,92094,1183669,8523077,58179144,3848424,12655,9537,18252190,51869109,2048857,57866349,256894189,3149262,291118372,21614451,161399,20265563,69940728,105711,14011,2104779,,201467,,,13367997,23086612,8381163,10704340
1993,18371583,3351656,26914091,51256,64980,8961438,9382,62724,34411978,3231570,67414,17688687,7988599,7497205,268189,543998,115447696,265977,10360516,10085426,206055,5214220,59236,1712504,7055495,3955016,1385749,158471338,17214,281594,8441872,9159653,5632915,10643513,12814205,28920644,367520,30009,3365452,6655731,147282,13788271,1178440000,,,34896573,468010,43055943,2487553,18903,3244282,13139524,4486066,10788020,718776,10326434,15650011,5188386,393258,72110,7478116,,10979476,60676980,5369502,397863,3743948,57190199,1491426,53446251,46085,,757711,5064846,57658289,133287,217191,1012516,1065906,5247618,81132272,16784962,28266,10382995,55636,90904,392897,143825,8740433,62037,7195158,1084327,747337,6443498,,5229618,5934511,10329012,261270,891000000,188066000,60710118,18404698,3578349,70795,5062136,57026746,2407463,124668019,85245,3984238,16451625,25813694,77355,21064115,44295873,65359988,2365038,1483773,4490211,4581218,2565708,3252469,1843375,1989395,4475679,30168,3689004,398084,384495,1917563,12573284,10182205,18747901,240147,8591439,370008,48409,385826,2205240,1107490,107320,89749141,117588,4459725,30529,2349132,635875,10760,26350819,13664085,40983821,1597752,10110,20845700,15274942,194496,179152,3475061,4140517,8631131,95855030,,,51937,4311964,1988746,122487513,16285,2531926,4128174,4612341,22900004,68610958,,38467746,9967832,3615497,557008,634769,22768538,148392385,7456502,,6819,40348,143913,,109169,6586,177551,24353,129428,18056656,8540599,9926991,10562866,7614328,75657,4214121,3328154,5323577,1999926,371256,6059950,40639384,39627587,17825536,28963634,406817,3017,991859,8769284,7058211,13579013,20883467,5682454,27493980,57400686,821171,3726013,,93734,1174430,8680433,59212510,3933744,13239,9715,18903138,51887112,2093393,58026920,260255352,3170958,291429616,22049313,165127,20704455,71243961,106577,14175,2215999,,206629,,,13885756,22921437,8593282,10950080
1994,19900668,3378424,27517041,52561,64877,9170032,9726,63126,34864440,3126094,67636,17892557,8027540,7572945,271881,558397,117279697,266906,10387841,10122914,211500,5487359,59735,1752368,7216538,3784983,1427426,160994257,17672,289516,8353335,9467871,5681513,11008712,13161203,29262472,373163,31302,3463919,6886696,148086,14000060,1191835000,,,35588746,482162,44539132,2568840,19124,3314588,13582754,4511187,10844611,726752,10330165,15675429,5205603,402548,72554,7602302,,11208048,61982513,5466906,408095,3815601,58770464,1467535,54954863,44514,,766268,5086044,57906847,139166,222078,1040151,1107563,5120809,81414164,17274479,27606,10429826,55585,90591,397585,143157,9001037,62367,7431162,1116326,747536,6558149,,5386133,6067288,10312714,266075,908000000,191378000,60873019,18969505,3595542,71107,5184895,57179460,2436866,125014050,85719,4082087,16182154,26430941,79399,21339904,44780886,66120790,2484175,1551427,4486193,4711829,2523532,3290707,1882531,1973706,4585017,30549,3679636,403756,393064,1935034,12949727,9992214,19180324,248459,8774902,373606,49056,389926,2279436,1117988,113713,91337896,105444,4463208,30710,2383109,653213,10841,26900833,14740072,41577366,1642093,10380,21372585,15382198,196793,182543,3517261,4262327,8880037,98388477,,,54613,4336638,2058553,125491984,16651,2579616,4235157,4743715,23374974,70111842,,38548296,10027688,3649237,585368,647368,22738680,148446239,6417511,,6873,40086,145509,,110204,6638,181436,24625,133152,19108307,8778563,10031261,10684474,7622711,76326,4311456,3427979,5345264,2001036,384099,6177841,41211897,39690971,18075443,29771011,410577,2977,997652,8831493,7114530,13938959,21087873,5770963,28556908,58128738,845714,3750370,,94398,1165700,8831747,60220670,4018832,13832,9888,19566609,51637611,2135896,58212518,263435673,3193413,291345858,22462266,168793,21134951,72538927,107317,14338,2345625,,211877,,,14394750,22916714,8800157,11049617
1995,20881480,3400516,28082573,53686,64276,9421477,10070,63630,35311049,3068751,67836,18116171,8047433,7630291,275303,572639,119186448,267907,10403989,10155459,217120,5700089,60273,1793012,7376582,3708960,1466989,163542501,18109,297508,8255811,9772602,6077812,11282730,13504356,29619002,378520,32492,3541284,7103883,148965,14205449,1204855000,,,36280883,496906,46343432,2648529,19343,3383786,13988434,4496683,10896802,733188,10323830,15685424,5232612,409366,72947,7730224,,11438004,63321615,5568437,418534,3858978,60487061,1446509,56628083,43523,2452,775901,5104654,58149727,145082,226766,1068383,1149787,5012952,81653702,17669087,27400,10457554,55806,90603,402359,144190,9266312,62668,7682082,1143057,747929,6675578,781,5546185,6225347,10295874,267527,927000000,194755000,61628116,19557247,3613890,71433,5305120,57274531,2469389,125341354,86297,4201514,15878488,27060142,81459,21561856,45264146,66826002,2567417,1620808,4532223,4846116,2488008,3334733,1919569,1974588,4654252,30855,3673577,409704,401452,1954048,13340359,9912344,19611116,256949,8967132,376893,49640,394021,2341749,1128608,120330,92880353,105988,4459595,30887,2420663,670608,10926,27446860,15697711,42173781,1686700,10638,21907276,15459054,198914,185833,3565990,4382555,9139044,100960105,2246,,57229,4359101,2130934,128690285,17037,2629303,4344820,4877951,23846388,71717437,61,38600642,10065543,3683103,613142,659938,22692830,148495015,5706501,,6930,39834,147185,,111407,6688,181623,24883,137090,19966998,9025562,10192265,10862873,7628264,76952,4381750,3542866,5361594,2002827,397238,6291143,41779149,39749715,18304268,30567288,414188,2906,1004849,8877890,7157106,14309657,21282829,5864473,29470379,58855798,870147,3965576,1478,95158,1158553,8972635,61188984,4101998,14431,10056,20094075,51247259,2176370,58426014,266557091,3215423,291150213,22847085,172387,21555902,73772337,107817,14499,2501920,,217211,,,14859342,23025391,9001866,11111992
1996,21559923,3414733,28595073,54690,64170,9660081,10414,64181,35753590,3063395,68057,18348078,8060852,7668253,278571,586047,121189286,268944,10408773,10178934,222908,5886094,60841,1834341,7535615,3608495,1503652,166073876,18551,305565,8161026,10060724,6100754,11542269,13848792,29983162,383584,33680,3615758,7329462,149812,14404243,1217550000,,,36971016,512197,47265530,2729757,19561,3451722,14336812,4464030,10943047,738649,10311817,15685007,5262075,413627,73094,7861694,,11673950,64705041,5674036,429158,3926212,62209971,1427827,58283759,43564,,786603,5120310,58388408,150933,231305,1096999,1192548,4934572,81890667,18041282,27274,10479420,55925,90371,407191,145324,9533880,62951,7949756,1165914,747171,6794575,,5707074,6391564,10273591,269000,943000000,197003000,62446542,20161940,3636179,71712,5420065,57367032,2501477,125645311,86861,4363534,15696091,27670930,83532,21648743,45730245,67378988,2617993,1692893,4598192,4971042,2460277,3382135,1953349,2024800,4686329,31112,3668316,415566,410597,1971102,13745709,10143562,20044560,265592,9172631,379962,50194,398129,2388865,1139491,127146,94398579,106479,4450539,31058,2458561,683946,11015,27989535,16192388,42728314,1731210,10879,22450069,15527809,201239,189104,3621200,4498580,9404073,103567064,,1772,59822,4381277,2205958,132146638,17409,2680414,4456781,5014837,24304899,73386057,,38629842,10099918,3724655,640524,672433,22627562,148318876,6002451,,6987,39554,148929,,112509,6736,180516,25287,141246,20625641,9280615,10311510,10995456,7622185,77517,4438506,3672284,5373190,2007429,410641,6460865,42311979,39803829,18509760,31307337,417635,2844,1030651,8892234,7181024,14690501,21448723,5963936,30055334,59559308,894488,4157932,,96165,1148699,9105233,62127894,4184336,15036,10219,20623835,50812520,2215556,58618663,269667391,3238280,290875610,23219707,175927,21968602,74941175,108093,14659,2665989,,222631,,,15327307,23046512,9201909,11260802
1997,22227415,3428038,29072015,55648,64573,9875024,10760,64774,36203463,3059000,68341,18565243,8069876,7695123,281577,598561,123315288,270096,10404210,10199787,228884,6066080,61420,1876236,7693188,3607000,1536536,168546719,18998,313563,8066057,10352843,6121610,11782962,14195809,30305843,388383,34866,3696513,7562011,150654,14599929,1230075000,,,37657830,527982,47798986,2800947,19776,3518107,14625967,4444595,10983007,743728,10300707,15683717,5283663,417908,73010,7992357,,11911819,66134291,5783439,439971,4058319,63919620,1413351,59861301,44040,,797890,5134406,58623428,156616,235770,1126189,1235767,4883476,82011073,18418288,27340,10502372,56043,90005,412050,146799,9803875,63243,8048834,1193708,746336,6913545,,5867957,6495918,10244684,271192,959000000,199278000,63327987,20775703,3667233,72026,5531387,57479469,2531311,125956499,87411,4526235,15484518,28263827,85620,21585105,46173816,67758921,2647850,1765345,4663484,5098612,2435967,3430388,1982823,2200725,4759670,31296,3664372,421014,417129,1984860,14165114,10419991,20476091,274366,9384984,382953,50828,402265,2444741,1149818,134133,95895146,106911,4441779,31223,2494803,692651,11108,28529501,16603334,43247867,1774766,11120,23001113,15604464,203533,192347,3676187,4609572,9666252,106207839,,,62388,4405672,2283635,135564834,17754,2734531,4571004,5154123,24748122,75012988,,38654957,10156415,3759430,667336,684810,22562458,148077459,7212583,,7044,39296,150712,,113396,6780,180418,25720,145608,21229759,9535314,10336594,11029245,7598538,78017,4578212,3802309,5383010,2011612,424265,6633514,42835005,39855442,18698655,32160729,420899,2827,1054486,8897619,7193761,15081016,21628605,6070759,30686889,60216677,918738,4320890,,97399,1138101,9231669,63047647,4267070,15646,10378,21210254,50369926,2254266,58808266,272911760,3262838,290527071,23596577,179428,22374398,76048996,108355,14817,2826046,,228138,,,15826497,23077312,9417789,11404948
1998,22912814,3441234,29521270,56559,65147,10071442,11105,65366,36643768,3049147,68683,18768789,8078622,7714005,284505,610767,125572731,271232,10394407,10217030,235030,6248686,61952,1918669,7848703,3817575,1564950,170956177,19447,321371,7971774,10652495,6271409,12012231,14543246,30628924,392941,36049,3778834,7804481,151466,14790995,1241935000,,,38339937,544267,48877408,2878481,19989,3583162,14878476,4420195,11029133,748822,10290949,15681185,5302767,422202,72731,8123244,,12139965,67602461,5895283,450938,4183431,65620416,1400972,61436985,44510,,809292,5146983,58866290,162127,240230,1156362,1279410,4848495,82023672,18819453,27422,10520068,56157,89700,416906,149724,10076122,63527,8174290,1221772,748211,7038935,,6022706,6544564,10211127,274000,975000000,201580000,64163217,21397764,3707555,72376,5638981,57550318,2560447,126246096,87939,4685946,15247098,28826109,87723,21454900,46589612,68044512,2654379,1835863,4729895,5228908,2413173,3479269,2007073,2455238,4874638,31539,3661168,426495,421602,1995474,14598047,10697625,20911977,283271,9605719,385608,51552,406394,2515309,1159654,141271,97325063,107264,4435827,31384,2530501,701246,3338,29065648,17003681,43749992,1816763,11361,23560320,15699259,205785,195554,3726214,4717284,9935490,108880275,,,64889,4432718,2364049,139007774,18096,2788234,4687521,5295745,25174087,76576177,,38668756,10224828,3781101,693592,697035,22515824,147826912,7197680,,7101,39088,152530,,114209,6822,180177,26128,150169,21842982,9794164,10302093,11003339,7567745,78481,4672778,3904528,5390236,2010807,438082,6843022,43334603,39906235,18884614,33108466,423948,2596,1075900,8902684,7207995,15480619,21823024,6185515,31467507,60846042,942909,4454777,,98835,1131314,9349100,63945635,4350224,16262,10534,21829118,49938798,2292669,59035652,276115288,3284853,290173084,23977448,182882,22772515,77092383,108535,14974,2931882,,233730,,,16352459,23247390,9636385,11534135
1999,23646128,3457493,29962690,57423,65997,10263229,11451,65929,37073828,3047620,69083,18968247,8094156,7729131,287358,622634,127943283,272364,10382370,10235655,241369,6435871,62450,1961642,8001930,3958653,1588505,173293681,19898,328979,7893227,10975109,6458283,12239016,14889962,30957019,397270,37230,3858868,8058514,152246,14975383,1252735000,,,39016113,561063,50400431,2970784,20200,3647319,15200755,4408383,11082746,753692,10280436,15676175,5320134,426507,72244,8254350,,12347543,69066721,6008356,462037,4317425,67372393,1389756,63054968,44913,,820823,5158097,59116128,167459,244679,1194780,1323467,4815667,82074778,19232823,27501,10536749,56245,89470,421729,152590,10350211,63806,8431352,1249889,752105,7167662,,6180871,6599307,10172673,277280,991691000,203909000,64916654,22031349,3750141,72740,5742719,57603634,2588786,126494403,88440,4842831,15084623,29383563,89843,21444989,46972817,68417806,2639714,1905246,4796574,5361949,2393657,3528559,2025481,2597815,4993414,31874,3658454,432527,427618,2004985,15045015,10977362,21354459,292307,9834362,387799,52289,410487,2590516,1169325,148538,98616905,107534,4432040,31540,2565596,720412,4944,29596788,17392597,44234615,1858172,11602,24127391,15801947,207987,198714,3774096,4824619,10220540,111580397,,,67302,4463377,2447279,142461389,18434,2838492,4806270,5439657,25581874,78133918,,38665539,10283381,3800081,719306,709083,22480527,147369604,7358932,6852,7157,38929,154381,,114900,6861,179843,26534,154929,22483640,10057259,10170917,10891329,7540401,78919,4698964,3967753,5395739,2009653,452067,7043751,43745636,39953263,19064642,34085246,426759,2423,1094429,8909790,7232809,15888917,21993460,6308673,32245532,61394684,967073,4582500,,100475,1125375,9458862,64819580,4433925,16881,10686,22535846,49487245,2330923,59293320,279294713,3304234,289692659,24363320,186282,23162188,78089676,108596,15129,3040686,,239333,,,16904520,23273003,9863137,11649168
2000,23898198,3473835,30409300,57301,66824,10442812,11797,66464,37497728,3042556,69539,19164620,8113413,7748163,290075,634137,130406594,273483,10366719,10263618,247887,6627964,62971,2005222,8152620,4035457,1607069,175552771,20353,336376,7818495,11308552,6621126,12466262,15233673,31278097,401343,38410,3935417,8316481,152995,15153450,1262645000,2500,635,39685655,578400,52021832,3102404,20407,3710558,15563387,4410830,11134273,758363,10270128,15670448,5337416,430822,71540,8385828,,12505204,70492342,6122515,473216,4356581,69046633,1379835,64690052,45296,2898,832494,5168595,59381628,172605,249110,1235484,1367884,4777209,82187909,19657719,27578,10559110,56309,89312,426493,155324,10625732,64080,8638858,1278273,755171,7306302,787,6347658,6658720,10137449,281043,1007702000,206265000,65660289,22675617,3791690,73112,5842454,57719337,2615467,126699784,88915,4998564,15032140,29985839,91985,21647682,47351083,68998765,2614315,1973572,4851054,5497733,2376178,3578036,2037961,2693780,5115450,32204,3654387,438777,431338,2014512,15506472,11258163,21793293,301475,10072267,389947,53064,414516,2667859,1179368,155911,99926620,107754,4430654,31693,2600835,732302,6409,30122350,17768457,44702243,1905659,11845,24702119,15907853,210134,201816,3819762,4932420,10516111,114306700,1877,,69706,4492400,2533389,146342958,18766,2889485,4926984,5585828,25979722,79739825,58,38654164,10335597,3815909,744483,720934,22451921,146731774,7507056,,7212,38819,156260,,115461,6896,179466,26937,159883,23153090,10324150,10117908,10850210,7516346,79326,4808817,4036753,5400320,2010557,466194,7253137,44066197,40016081,19238575,35079814,429323,2376,1109750,8923569,7266920,16305659,22151237,6440732,33065142,61862928,846599,4711655,1517,102321,1118204,9563816,65666677,4518268,17502,10838,23248553,49007559,2369153,59522468,282338631,3323876,289112747,24755519,189618,23542649,79060410,108637,15283,3152361,,244943,,,17479206,23321566,10116606,11751323
2001,23997412,3490304,30851518,57529,67627,10623424,12132,66970,37916560,3027590,70007,19357594,8131690,7771092,292663,645361,132974813,274584,10350194,10291679,254497,6824931,63498,2049412,8300463,4111293,1620848,177752913,20812,343653,7738416,11732326,6810307,12695476,15577246,31592805,405163,39588,3993016,8573507,153703,15327316,1271850000,2770,633,40349388,596202,53682112,3238410,20611,3773057,15909606,4439110,11182298,762887,10262308,15666989,5355826,437778,70786,8517874,,12701839,71901545,6237662,484425,4360461,70669297,1369983,66308836,45661,,844330,5180309,59658144,177562,253506,1268125,1412663,4746164,82280551,20093021,27649,10581515,56352,89227,431170,158330,10902031,64342,8713005,1305832,757092,7454154,,6513048,6713376,10109467,284812,1023590000,208648000,66425876,23331985,3835025,73489,5938093,57844924,2640289,126891645,89361,5153378,15052250,30652299,94149,21940326,47697738,69638064,2571012,2041961,4901329,5636273,2358232,3627774,2044848,2758041,5240599,32528,3645747,444779,434044,2023912,15982563,11539920,22229040,310764,10321053,391873,53995,418454,2747312,1189825,163366,101246961,107940,4431570,31842,2637069,726462,7574,30645305,18129398,45152531,1947326,12088,25284463,16017445,212226,204863,3864129,5039717,10823004,117074880,,2037,71868,4515195,2622198,150334765,19092,2941167,5049055,5734139,26376033,81369751,,38643641,10386753,3839190,769152,732570,22428044,146018987,7673062,,7266,38756,158178,,115942,6928,179058,27336,165034,23832849,10595275,10131896,10858358,7503433,79715,5080682,4120228,5404681,2011179,480442,7488773,44296012,40087104,19408635,36080373,431635,2464,1121699,8939915,7311237,16728808,22303700,6578681,33831342,62334375,899109,4843185,,104227,1110217,9667365,66493970,4603244,18122,10991,23970202,48510505,2407460,59723243,285023886,3343797,288520632,25155064,192910,23916810,79999453,108749,15435,3268832,,250559,,,18078035,23443852,10373871,11844109
2002,25268405,3508512,31287142,57716,68403,10866106,12446,67448,38331121,3013818,70441,19546792,8148312,7798497,295131,656397,135656790,275673,10335382,10311970,261138,7026113,64004,2094176,8445134,4165416,1630347,179914212,21272,350898,7661799,12251209,7021078,12926707,15929988,31902268,408760,40762,4048013,8835739,154362,15497046,1280400000,474,632,41008227,614382,55379852,3328795,20811,3834934,16252726,4481020,11226999,767314,10256295,15666347,5374693,447416,70158,8650322,,12921234,73312559,6353681,495627,4414865,72361662,1360122,67946797,46011,,856346,5193039,59925035,182333,257847,1299304,1457766,4728357,82350671,20550751,27714,10603863,56376,89211,435739,161057,11178650,64587,8807818,1332459,759104,7607651,,6677328,6762476,10083313,288030,1034172547,211060000,66907826,24001816,3879155,73873,6029529,57926999,2664659,127065841,89775,5307470,15077224,31386842,96335,22215365,47969150,70184515,2511039,2111561,4959164,5777564,2340205,3677780,2046772,2814651,5368585,32842,3633232,450786,437794,2030445,16473477,11824495,22662365,320165,10580176,393515,55147,422277,2828858,1200206,170879,102479927,108071,4434547,31987,2674234,720230,8437,31167783,18473780,45598081,1972153,12329,25873917,16122830,214258,207858,3908037,5146848,11140655,119901274,,1870,74003,4535591,2713462,153403524,19409,2990875,5172033,5884491,26769436,82995088,,38625976,10433867,3859606,793341,743981,22404337,145266326,7852401,,7317,38736,160145,,116394,6954,178631,27730,170372,24501530,10870037,10111559,10831812,7500031,80098,5359092,4197776,5410052,2011497,494786,7753310,44433622,40152517,19576783,37090298,433682,2529,1130269,8954175,7361757,17155814,22454239,6719567,34593779,62806748,952618,4977378,,106137,1101832,9770575,67308928,4688963,18738,11146,24739869,48058877,2445989,59912431,287675526,3363085,287977722,25563441,196178,24287670,80908147,108810,15585,3389578,,256177,,,18701257,23520190,10595811,11926563
2003,27060359,3526642,31713719,57844,69150,11186202,12738,67897,38740807,3001712,70844,19731984,8162656,7830764,297477,667238,138448210,276761,10322151,10330824,267787,7230693,64482,2139549,8586443,4243181,1636213,182032604,21730,358098,7588399,12705775,7251827,13160169,16286408,32207113,412137,41934,4112104,9103618,154974,15662645,1288400000,433,630,41662073,632948,57124974,3412576,21008,3896092,16595981,4497779,11268976,771657,10251087,15667493,5394138,457130,69655,8783013,,13074082,74718797,6470379,506800,4470145,74098224,1350722,69628079,46345,,868531,5204405,60180529,186917,262125,1331419,1503179,4710921,82398326,21019630,27776,10625945,56385,89258,440189,163593,11456063,64818,9020431,1359242,761181,7771090,,6843018,6809738,10057745,291064,1049700118,214497000,67147618,24683313,3924023,74261,6116533,57998353,2688706,127214499,90156,5460265,15107581,32168495,98549,22466481,48202264,70668745,2468091,2183161,5019150,5921545,2322943,3727703,2044530,2809784,5499074,33145,3620094,456764,441487,2035145,16979744,12113276,23092940,329684,10848146,395178,56429,425966,2912584,1210447,178437,103718062,108143,4439502,32130,2712315,713614,8995,31689265,18800908,46030343,1993482,12570,26469569,16223248,216226,210798,3951307,5253603,11469579,122790463,,1850,76129,4555400,2807125,156127453,19717,3039748,5295816,6036900,27158869,84619974,,38602853,10479955,3877881,817052,755171,22380273,144586191,8042082,,7367,38763,162157,,116812,6976,178173,28119,175883,25156630,11147063,10109579,10823280,7480591,80469,5564299,4276788,5416406,2011604,509190,8025190,44481901,40217413,19742439,38114160,435449,2489,1135657,8970306,7408319,17585540,22603000,6863752,35354845,63271021,997853,5114524,,108141,1093146,9873149,68109469,4775544,19350,11305,25556448,47668303,2484818,60094648,290342554,3381606,287600977,25981647,199414,24654694,81790803,108814,15734,3512062,,261794,,,19349881,23610989,10799220,12004576
2004,28513677,3544808,32129324,57902,69865,11521432,13008,68320,39144753,2991360,71218,19913144,8174762,7868385,299697,677886,141340476,277816,10310520,10348276,274435,7438437,64935,2185569,8724156,4345591,1639231,184101109,22187,365251,7517973,13092647,7516212,13396361,16637276,32507874,415294,43103,4171859,9377194,155533,15823957,1295733978,396,629,42310775,651901,58919207,3502035,21200,3956507,16944598,4496869,11308764,775927,10246178,15669745,5413392,466900,69278,8916069,,13212742,76117421,6587541,517927,4554408,75890979,1341664,71336571,46662,,880874,5214512,60424213,191309,266339,1363116,1548956,4693892,82424609,21483085,27833,10647529,56384,89357,444515,166090,11734580,65031,9234177,1386228,763251,7942419,,7007482,6855125,10032375,293966,1065070607,215967000,67503205,25374691,3969558,74655,6199008,58057477,2712355,127333002,90502,5611202,15143704,32982109,100798,22697553,48426325,71123878,2433907,2257549,5081429,6068117,2306306,3777218,2039070,2807259,5631585,33436,3607899,462690,445286,2040085,17501871,12407373,23522482,339330,11126144,396851,57738,429510,2998563,1220481,186026,104959594,108155,4446455,32270,2751314,706577,9245,32209101,19111633,46520134,2014026,12809,27070666,16318199,218126,213679,3993817,5359759,11810183,125744458,,1840,78252,4574560,2903165,159196336,20016,3089531,5420280,6191368,27544305,86241697,,38580445,10524145,3894855,840290,766153,22355551,143974059,8238673,,7415,38836,164213,,117193,6995,177714,28503,181565,25795938,11426026,10119145,10825900,7463157,80832,5732171,4353893,5423567,2011473,523617,8304601,44448470,40280780,19905165,39148162,436935,2375,1138171,8986400,7450867,18016874,22749838,7011556,36070799,63731437,1019252,5255320,,110237,1084206,9974722,68893918,4863169,19956,11468,26390258,47309706,2523915,60270708,293027571,3399237,287360520,26410416,202609,25017387,82662800,108775,15880,3636195,,267405,,,20024867,23719918,11025690,12083553
2005,29928987,3563112,32531853,57881,70549,11827315,13254,68722,39537943,2982904,71566,20090437,8184691,7911974,301790,688345,144319628,278870,10300483,10364388,281084,7649360,65365,2232291,8857870,4430494,1640115,186112794,22643,372361,7450349,13491736,7795426,13636398,16988132,32805041,418224,44270,4237703,9657069,156040,15980912,1303182268,361,628,42954279,671247,60764490,3602269,21388,4016173,17298040,4495904,11346670,780133,10241138,15672501,5432335,476703,69029,9049595,,13363593,77505756,6704932,529034,4669638,77722924,1332893,73053286,46962,2975,893354,5223442,60656178,195506,270485,1394307,1595086,4677401,82431390,21946247,27884,10668354,56375,89502,448713,168564,12013907,65228,9452670,1413446,765283,8121622,783,7167902,6898686,10006835,296737,1080264388,218465000,68017860,26074906,4015676,75049,6276883,58103033,2735520,127417244,90812,5759732,15185844,33829590,103092,22912177,48640671,71552848,2422257,2335648,5146281,6217141,2290237,3826018,2031348,2900269,5765563,33717,3596617,468571,449198,2045262,18040341,12707464,23953136,349106,11415261,398534,59071,432900,3086859,1230602,193633,106202903,108105,4455421,32409,2791272,699259,9341,32725847,19406703,46996558,2030692,13048,27676547,16407491,219958,216494,4035461,5465100,12162856,128765768,1632,1830,80362,4593041,3001583,162419946,20303,3140232,5545268,6347884,27925628,87857473,50,38557984,10566212,3911299,863051,776948,22329977,143420309,8440820,,7460,38958,166312,,117534,7012,177287,28880,187410,26417599,11706498,10129640,10829175,7440769,81188,5867426,4425720,5431363,2011070,538032,8591629,44344136,40341462,20064776,40187486,438144,2400,1138227,9001774,7489370,18448752,22894384,7163506,36766356,64185502,1040880,5399991,1401,112422,1075066,10074951,69660559,4952081,20556,11636,27269482,46996765,2563212,60441457,295734134,3415920,287263911,26851195,205754,25375281,83535576,108708,16025,3761904,,273008,,,20727063,23811905,11261795,12160782
2006,31056997,3581655,32930091,57794,71201,12127071,13477,69108,39921833,2976372,71891,20264082,8192880,7961619,303770,698585,147365352,279912,10293011,10379067,287730,7862944,65773,2279723,8989046,4498976,1639833,188078227,23098,379444,7385367,13902972,8090068,13881427,17340702,33098932,420979,45436,4303356,9944201,156493,16134219,1310823807,1490,574,43593035,690948,62660551,3702314,21571,4075261,17654843,4494749,11382820,784301,10235455,15674903,5450661,486530,68910,9183984,,13547510,78887007,6822378,540109,4786994,79564975,1324333,74777981,47246,,905949,5231372,60876136,199509,274578,1424906,1641564,4661473,82422299,22409572,27928,10688058,56361,89703,452776,171019,12293545,65409,9690222,1442029,767245,8308504,,7326496,6940432,9981334,299388,1095351995,220991000,68688433,26783383,4062235,75441,6352117,58133509,2758124,127463611,91084,5906760,15233244,34707817,105432,23113019,48846823,71959842,2419235,2418393,5213898,6368481,2274735,3874050,2022331,3042004,5900754,33987,3585906,474413,453125,2050554,18595469,13013926,24385858,359008,11716829,400214,60422,436131,3177388,1240827,201234,107449525,108004,4466706,32543,2832224,691871,9439,33241259,19686505,47382633,2044147,13287,28287147,16491461,221736,219246,4076140,5570129,12525094,131859731,,1830,82459,4610820,3102229,165803560,20579,3191319,5670544,6506464,28302603,89468677,,38536869,10605870,3927188,885359,787584,22303552,142893540,8648248,,7502,39129,168458,,117848,7026,176908,29251,193413,27019731,11987121,10140311,10832545,7431485,81541,6005250,4492150,5439448,2010347,552438,8863338,44187637,40397842,20222240,41236378,439117,,1136334,9016596,7523934,18881361,23036087,7320815,37445392,64631595,1062777,5548702,,114689,1065842,10175014,70413958,5042920,21152,11810,28195754,46710816,2602713,60609153,298444215,3431932,287266522,27307134,208869,25730435,84402966,108605,16168,3889249,,278600,,,21456188,23887171,11502010,12236805
2007,31889923,3600523,33333216,57663,71822,12420476,13677,69481,40301927,2971650,72194,20434176,8199783,8017309,305655,708573,150448339,280946,10289007,10392226,294385,8078314,66163,2327849,9119152,4552198,1639131,190010647,23552,386511,7322858,14326203,8390505,14131858,17696293,33390141,423613,46600,4369038,10238807,156894,16284741,1318683096,1400,596,44227550,710960,64606759,3800610,21750,4133884,18013409,4493312,11416987,788457,10228744,15676246,5468120,496374,68925,9319622,,13755680,80264543,6939688,551201,4906585,81418472,1315912,76511887,47511,,918675,5238460,61083916,203321,278633,1454867,1688359,4646003,82400996,22873338,27967,10706290,56344,89971,456698,173456,12572928,65573,9947814,1472041,769095,8502814,,7483763,6980412,9956108,301931,1110396331,223547000,69453570,27499638,4109086,75831,6426679,58147733,2780132,127467972,91321,6053193,15284929,35610177,107817,23301725,49044790,72346515,2421609,2505559,5284149,6521998,2259810,3921278,2012649,3193942,6036914,34247,3575439,480222,456989,2055915,19167654,13327079,24821286,369031,12031795,401880,61782,439202,3270065,1250882,208807,108700891,107862,4480560,32671,2874127,684736,9538,33757175,19951656,47761980,2055080,13528,28901790,16570613,223472,221943,4115771,5675356,12894865,135031164,,2110,84546,4627926,3204897,169270617,20842,3242173,5795887,6667147,28674757,91077287,,38518241,10642836,3942491,907229,798094,22276056,142369485,8860588,8450,7543,39349,170649,,118149,7036,176615,29615,199579,27601038,12267493,10150265,10835426,7438779,81895,6144562,4553009,5447502,2009245,566842,9118773,43997828,40448191,20378239,42292929,439894,,1133066,9031088,7554661,19314747,23174294,7484274,38139640,65068149,1084971,5701579,,116921,1056608,10276158,71158647,5136262,21746,11992,29170398,46435909,2642566,60776238,301139947,3447496,287330757,27780059,211971,26084662,85262356,108448,16309,4018332,,284182,,,22211743,23946096,11746035,12311143
2008,32738376,3619778,33739635,57496,72413,12707546,13854,69842,40677348,2968586,72480,20600856,8205533,8079043,307451,718306,153546901,281968,10287955,10403951,301022,8294941,66536,2376680,9247816,4590310,1638393,191908598,24004,393551,7262675,14761339,8691005,14387642,18054929,33679263,426113,47762,4434873,10541156,157259,16432536,1326856173,,,44858264,731281,66604314,3903318,21923,4191948,18373060,4491543,11449006,792604,10220911,15676318,5484723,506221,69080,9456632,16384470,13927650,81635832,7057131,562339,5028475,83282565,1307605,78254090,47770,,931545,5244749,61279972,206941,282645,1484149,1735464,4630841,82369548,23336661,28002,10722816,56326,90303,460486,175877,12851647,65726,10211437,1502442,770794,8704413,,7639327,7018636,9930915,304367,1125368288,226134000,70240086,28221181,4156119,76220,6500389,58145321,2801544,127425722,91533,6198677,15340533,36529155,110252,23479089,49232844,72711933,2423704,2596799,5356869,6677534,2245423,3967467,2002749,3332483,6173579,34498,3565205,486006,460823,2061315,19757525,13647273,25259428,379174,12360306,403532,63139,442119,3364940,1260781,216334,109955400,107673,4496774,32796,2916865,678177,9638,34272968,20203186,48133102,2063927,13770,29519114,16645313,225168,224585,4154311,5780586,13272679,138283240,,2128,86616,4644457,3309440,172730891,21093,3292693,5921144,6829969,29041593,92681453,,38500696,10676910,3957169,928635,808506,22246862,141844355,9077425,,7581,39619,172884,29376,118432,7044,176418,29973,205901,28161417,12548243,10159046,10837664,7445215,82247,6286617,4608167,5455407,2007711,581208,9379907,43786115,40491051,20532150,43354411,440486,2165,1128814,9045389,7581520,19747586,23308370,7653394,38858276,65493298,1107432,5858673,,118993,1047366,10378140,71892807,5232077,22336,12181,30214531,46170273,2682747,60943912,303824646,3462531,287447373,28268440,215053,26437044,86116559,108210,16448,4149173,65794308,289755,17838691,4965387,22993911,23988543,11993403,12382920
2009,,,,,,,,,,,,,,,,,,,,,,,,,,,,,,,,,,,,,,,,,,,,,,,,,,,,,,,,,,,,,,,,,,,,,,,,,,,,,,,,,,,,,,,,,,,,,,,,,,,,,,,,,,,,,,,,,,,,,,,,,,,,,,,,,,,,,,,,,,,,,,,,,,,,672180,,,,,,,,,,,,,,,,,,,,,,,,,,,,,,,,,,,,,,,,,,,,,,,,10166507,,,,,,,,,,,,,,,,,,,,,,,,1130120,,,,,,,,,,,,,,,,,,,,,,,,,,,,,,,
2010,,,,,,,,,,,,,,,,,,,,,,,,,,,,,,,,,,,,,,,,,,,,1400,596,,,,,,,,,,,,,,,,,,,,,,,,,,,3064,,,,,,,,,,,,,,,,,,,,,,,785,,,,,,,,,,,,,,,,,,,,,,,,,,,,,,,,,,,,,,,,,,,,,,,,,,,,,666730,,,,,,,,,,,,,,,1488,,,,,,,,,,,,50,,,,,,,,,9141,,,,,,,,,,,,10172503,,,,,,,,,,,,,,,,,,,,,,,,1152984,,1399,,,,,,,,,,,,,,,,,,,,,,,,,,,,,
2030,56322744,3987665,41600103,49157,78016,19375631,15979,75656,46786640,3050556,75332,23497314,8119664,9753054,329580,900082,219635970,293555,9967035,10409623,440284,12892956,70825,3577325,11959992,4447608,1537295,222838366,32023,532820,5940822,27383500,15636620,20611025,25997411,39127749,449030,72631,5731616,19284485,159516,18903282,1458024460,,,57665538,1263062,122223300,6892353,24354,5271503,26079341,4300965,11578973,857407,9628896,15022245,5730488,737514,80142,12431822,,17945659,109044043,9723243,830066,7874908,123860323,1091807,115985415,52358,,1217339,5201445,63185185,272781,357439,2261732,2912055,4231259,79572500,32640860,27717,10583029,56340,96302,523493,222166,18642553,66615,17918577,2230098,735974,13800907,,10611205,7294050,9250460,344271,1420769842,284537699,85510550,43872627,4988732,82458,7872786,55359830,3216397,116338080,92901,9373129,15979334,52472826,173380,26214884,50237671,76452555,,4603943,7014291,10252228,1902925,4700845,1725502,5195956,8879850,37844,3257214,615959,524356,2113860,38139622,22030253,35305588,618167,23758593,419844,88086,486714,5941909,1433282,403564,135172155,94760,4811546,34764,3718605,,11305,44664487,24322705,53377325,2018214,18971,42839465,17672630,252814,271991,4767906,7968947,23585574,231000139,,,122594,4977705,5922062,244093234,25036,4330608,8592462,10842086,35707142,125608770,,36530619,10731139,4068256,1181912,1025217,20827076,126470938,14441869,,7841,48249,217517,,115764,7015,175171,35401,365999,38142394,18292033,,10514558,,89345,10094211,5129684,5393349,1855374,881683,16863186,38414291,38961192,22937028,66346176,427781,,952654,9324384,7756040,28349416,24677625,12130206,57077257,71143362,,10025096,,160108,821925,12210460,84194827,7582777,34888,16762,67604495,40341586,3367126,64303846,363811435,3721919,286999773,39415245,275141,33429444,102801749,107517,18984,7178964,,419288,,,45464115,23232365,17665577,12842466
,,,,,,,,,,,,,,,,,,,,,,,,,,,,,,,,,,,,,,,,,,,,,,,,,,,,,,,,,,,,,,,,,,,,,,,,,,,,,,,,,,,,,,,,,,,,,,,,,,,,,,,,,,,,,,,,,,,,,,,,,,,,,,,,,,,,,,,,,,,,,,,,,,,,,,,,,,,,,,,,,,,,,,,,,,,,,,,,,,,,,,,,,,,,,,,,,,,,,,,,,,,,,,,,,,,,,,,,,,,,,,,,,,,,,,,,,,,,,,,,,,,,,,,,,,,
Total population,,,,,,,,,,,,,,,,,,,,,,,,,,,,,,,,,,,,,,,,,,,,,,,,,,,,,,,,,,,,,,,,,,,,,,,,,,,,,,,,,,,,,,,,,,,,,,,,,,,,,,,,,,,,,,,,,,,,,,,,,,,,,,,,,,,,,,,,,,,,,,,,,,,,,,,,,,,,,,,,,,,,,,,,,,,,,,,,,,,,,,,,,,,,,,,,,,,,,,,,,,,,,,,,,,,,,,,,,,,,,,,,,,,,,,,,,,,,,,,,,,,,,,,,,,,
